StartDate,EndDate,Status,IPAddress,Progress,Duration (in seconds),Finished,RecordedDate,ResponseId,RecipientLastName,RecipientFirstName,RecipientEmail,ExternalReference,LocationLatitude,LocationLongitude,DistributionChannel,UserLanguage,Q13_1,Q13_2,Q40_Id,Q40_Name,Q40_Size,Q40_Type,Q3,Q4,Q11,Q11_Id,Q11_Name,Q11_Size,Q11_Type,Q12,Q12_5_TEXT,Q13,Q14,Q14_7_TEXT,Q15,Q15_5_TEXT,Q16,Q147,Q149,Q149_4_TEXT,Q162,Q163,Q164,Q165,Q159_1,Q159_2,Q159_3,Q159_4,Q159_5,Q159_6,Q95,Q96,Q97,Q98,Q149_1,Q149_2,Q149_3,Q149_4,Q149_5,Q149_6,Q150,Q151,Q45,Q46,Q47,Q48,Q145_1,Q145_2,Q145_3,Q145_4,Q145_5,Q145_6,Q146,Q147,Q55,Q56,Q57,Q58,Q125_1,Q125_2,Q125_3,Q125_4,Q125_5,Q125_6,Q126,Q127,Q60,Q61,Q62,Q63,Q121_1,Q121_2,Q121_3,Q121_4,Q121_5,Q121_6,Q122,Q123,Q65,Q66,Q67,Q68,Q117_1,Q117_2,Q117_3,Q117_4,Q117_5,Q117_6,Q118,Q119,Q70,Q71,Q72,Q73,Q109_1,Q109_2,Q109_3,Q109_4,Q109_5,Q109_6,Q110,Q111,Q100,Q101,Q102,Q103,Q153_1,Q153_2,Q153_3,Q153_4,Q153_5,Q153_6,Q75,Q76,Q77,Q78,Q143_1,Q143_2,Q143_3,Q143_4,Q143_5,Q143_6,Q80,Q81,Q82,Q83,Q137_1,Q137_2,Q137_3,Q137_4,Q137_5,Q137_6,Q85,Q86,Q87,Q88,Q135_1,Q135_2,Q135_3,Q135_4,Q135_5,Q135_6,Q90,Q91,Q92,Q93,Q139_1,Q139_2,Q139_3,Q139_4,Q139_5,Q139_6,Q105,Q106,Q107,Q108,Q133_1,Q133_2,Q133_3,Q133_4,Q133_5,Q133_6,Q35_1,Q35_2,Q35_3,Q35_4,Q35_5,Q35_6,Q35_DO,Q36,Q36_DO,Q37,Q37_DO,Q39,randomID,Task,Prototype,FL_65_DO
Start Date,End Date,Response Type,IP Address,Progress,Duration (in seconds),Finished,Recorded Date,Response ID,Recipient Last Name,Recipient First Name,Recipient Email,External Data Reference,Location Latitude,Location Longitude,Distribution Channel,User Language,Researcher Obtaining Consent - Researcher Name,Researcher Obtaining Consent - Date,Researchers Signature - Id,Researchers Signature - Name,Researchers Signature - Size,Researchers Signature - Type,"Follow up studies

We may contact you again to request your participation in a follow up study. As always, your participation will be voluntary and we will ask for your explicit consent to participate in any of the follow up studies. May we contact you again to request your participation in a follow up study?","Statement of Consent

I give consent to be audio and video recorded during this study for academic presentations and shared with collaborators:",Are you over the age of 18?,Your signature: - Id,Your signature: - Name,Your signature: - Size,Your signature: - Type,What types of micromobility have you ridden in the past year? - Selected Choice,What types of micromobility have you ridden in the past year? - Please list any others: - Text,How often did you use a micromobility vehicle in the past year?,"In this study we are focused on non-driving related tasks while operating a micro-mobility device. These include things like listening to music, sending texts, or using a navigation application. 


What devices have you used while operating a mircomobility vehicle, either while moving or stationary? - Selected Choice","In this study we are focused on non-driving related tasks while operating a micro-mobility device. These include things like listening to music, sending texts, or using a navigation application. 


What devices have you used while operating a mircomobility vehicle, either while moving or stationary? - Other - Text",What non-driving related tasks have you performed on a vehicle in the past year - Selected Choice,What non-driving related tasks have you performed on a vehicle in the past year - Other - Text,How frequently do you stop or wait for a stop to accomplish a non-driving related task,How old are you?,Which gender do you most identify with - Selected Choice,Which gender do you most identify with - I prefer to self describe: - Text,Did the participant need to practice with the prototype,Were there difficulties with the simulator,Describe any issues with the simulator,Any other notes or observations,"In terms of both controlling the scooter
 For each of the following dimensions, please rate your experience of the task from 1 to 7:

 1 = Very Low, 4 = Moderate, 7 = Very High - Mental Demand: How mentally demanding was the task?","In terms of both controlling the scooter
 For each of the following dimensions, please rate your experience of the task from 1 to 7:

 1 = Very Low, 4 = Moderate, 7 = Very High - Physical Demand: How physically demanding was the task?","In terms of both controlling the scooter
 For each of the following dimensions, please rate your experience of the task from 1 to 7:

 1 = Very Low, 4 = Moderate, 7 = Very High - Temporal Demand: How hurried or rushed was the pace of the task?","In terms of both controlling the scooter
 For each of the following dimensions, please rate your experience of the task from 1 to 7:

 1 = Very Low, 4 = Moderate, 7 = Very High - Performance: How successful were you in accomplishing what you were asked to do?","In terms of both controlling the scooter
 For each of the following dimensions, please rate your experience of the task from 1 to 7:

 1 = Very Low, 4 = Moderate, 7 = Very High - Effort: How hard did you have to work to accomplish your level of performance?","In terms of both controlling the scooter
 For each of the following dimensions, please rate your experience of the task from 1 to 7:

 1 = Very Low, 4 = Moderate, 7 = Very High - Frustration: How insecure, discouraged, irritated, stressed, and annoyed were you?",Did the participant need to practice with the prototype,Were there difficulties with the simulator,Describe any issues with the simulator,Any other notes or observations,"In terms of both controlling the scooter and navigating the playlist

For each of the following dimensions, please rate your experience of the task from 1 to 7:

 1 = Very Low, 4 = Moderate, 7 = Very High - Mental Demand: How mentally demanding was the task?","In terms of both controlling the scooter and navigating the playlist

For each of the following dimensions, please rate your experience of the task from 1 to 7:

 1 = Very Low, 4 = Moderate, 7 = Very High - Physical Demand: How physically demanding was the task?","In terms of both controlling the scooter and navigating the playlist

For each of the following dimensions, please rate your experience of the task from 1 to 7:

 1 = Very Low, 4 = Moderate, 7 = Very High - Temporal Demand: How hurried or rushed was the pace of the task?","In terms of both controlling the scooter and navigating the playlist

For each of the following dimensions, please rate your experience of the task from 1 to 7:

 1 = Very Low, 4 = Moderate, 7 = Very High - Performance: How successful were you in accomplishing what you were asked to do?","In terms of both controlling the scooter and navigating the playlist

For each of the following dimensions, please rate your experience of the task from 1 to 7:

 1 = Very Low, 4 = Moderate, 7 = Very High - Effort: How hard did you have to work to accomplish your level of performance?","In terms of both controlling the scooter and navigating the playlist

For each of the following dimensions, please rate your experience of the task from 1 to 7:

 1 = Very Low, 4 = Moderate, 7 = Very High - Frustration: How insecure, discouraged, irritated, stressed, and annoyed were you?",Which track did you enjoy the most,Which track did you enjoy the least,Did the participant need to practice with the prototype,Were there difficulties with the simulator,Describe any issues with the simulator,Any other notes or observations,"In terms of both controlling the scooter and navigating the playlist

For each of the following dimensions, please rate your experience of the task from 1 to 7:

 1 = Very Low, 4 = Moderate, 7 = Very High - Mental Demand: How mentally demanding was the task?","In terms of both controlling the scooter and navigating the playlist

For each of the following dimensions, please rate your experience of the task from 1 to 7:

 1 = Very Low, 4 = Moderate, 7 = Very High - Physical Demand: How physically demanding was the task?","In terms of both controlling the scooter and navigating the playlist

For each of the following dimensions, please rate your experience of the task from 1 to 7:

 1 = Very Low, 4 = Moderate, 7 = Very High - Temporal Demand: How hurried or rushed was the pace of the task?","In terms of both controlling the scooter and navigating the playlist

For each of the following dimensions, please rate your experience of the task from 1 to 7:

 1 = Very Low, 4 = Moderate, 7 = Very High - Performance: How successful were you in accomplishing what you were asked to do?","In terms of both controlling the scooter and navigating the playlist

For each of the following dimensions, please rate your experience of the task from 1 to 7:

 1 = Very Low, 4 = Moderate, 7 = Very High - Effort: How hard did you have to work to accomplish your level of performance?","In terms of both controlling the scooter and navigating the playlist

For each of the following dimensions, please rate your experience of the task from 1 to 7:

 1 = Very Low, 4 = Moderate, 7 = Very High - Frustration: How insecure, discouraged, irritated, stressed, and annoyed were you?",Which track did you enjoy the most,Which track did you enjoy the least,Did the participant need to practice with the prototype,Were there difficulties with the simulator,Describe any issues with the simulator,Any other notes or observations,"In terms of both controlling the scooter and navigating the playlist

For each of the following dimensions, please rate your experience of the task from 1 to 7:

 1 = Very Low, 4 = Moderate, 7 = Very High - Mental Demand: How mentally demanding was the task?","In terms of both controlling the scooter and navigating the playlist

For each of the following dimensions, please rate your experience of the task from 1 to 7:

 1 = Very Low, 4 = Moderate, 7 = Very High - Physical Demand: How physically demanding was the task?","In terms of both controlling the scooter and navigating the playlist

For each of the following dimensions, please rate your experience of the task from 1 to 7:

 1 = Very Low, 4 = Moderate, 7 = Very High - Temporal Demand: How hurried or rushed was the pace of the task?","In terms of both controlling the scooter and navigating the playlist

For each of the following dimensions, please rate your experience of the task from 1 to 7:

 1 = Very Low, 4 = Moderate, 7 = Very High - Performance: How successful were you in accomplishing what you were asked to do?","In terms of both controlling the scooter and navigating the playlist

For each of the following dimensions, please rate your experience of the task from 1 to 7:

 1 = Very Low, 4 = Moderate, 7 = Very High - Effort: How hard did you have to work to accomplish your level of performance?","In terms of both controlling the scooter and navigating the playlist

For each of the following dimensions, please rate your experience of the task from 1 to 7:

 1 = Very Low, 4 = Moderate, 7 = Very High - Frustration: How insecure, discouraged, irritated, stressed, and annoyed were you?",Which track did you enjoy the most,Which track did you enjoy the least,Did the participant need to practice with the prototype,Were there difficulties with the simulator,Describe any issues with the simulator,Any other notes or observations,"In terms of both controlling the scooter and navigating the playlist

For each of the following dimensions, please rate your experience of the task from 1 to 7:

 1 = Very Low, 4 = Moderate, 7 = Very High - Mental Demand: How mentally demanding was the task?","In terms of both controlling the scooter and navigating the playlist

For each of the following dimensions, please rate your experience of the task from 1 to 7:

 1 = Very Low, 4 = Moderate, 7 = Very High - Physical Demand: How physically demanding was the task?","In terms of both controlling the scooter and navigating the playlist

For each of the following dimensions, please rate your experience of the task from 1 to 7:

 1 = Very Low, 4 = Moderate, 7 = Very High - Temporal Demand: How hurried or rushed was the pace of the task?","In terms of both controlling the scooter and navigating the playlist

For each of the following dimensions, please rate your experience of the task from 1 to 7:

 1 = Very Low, 4 = Moderate, 7 = Very High - Performance: How successful were you in accomplishing what you were asked to do?","In terms of both controlling the scooter and navigating the playlist

For each of the following dimensions, please rate your experience of the task from 1 to 7:

 1 = Very Low, 4 = Moderate, 7 = Very High - Effort: How hard did you have to work to accomplish your level of performance?","In terms of both controlling the scooter and navigating the playlist

For each of the following dimensions, please rate your experience of the task from 1 to 7:

 1 = Very Low, 4 = Moderate, 7 = Very High - Frustration: How insecure, discouraged, irritated, stressed, and annoyed were you?",Which track did you enjoy the most,Which track did you enjoy the least,Did the participant need to practice with the prototype,Were there difficulties with the simulator,Describe any issues with the simulator,Any other notes or observations,"In terms of both controlling the scooter and navigating the playlist

For each of the following dimensions, please rate your experience of the task from 1 to 7:

 1 = Very Low, 4 = Moderate, 7 = Very High - Mental Demand: How mentally demanding was the task?","In terms of both controlling the scooter and navigating the playlist

For each of the following dimensions, please rate your experience of the task from 1 to 7:

 1 = Very Low, 4 = Moderate, 7 = Very High - Physical Demand: How physically demanding was the task?","In terms of both controlling the scooter and navigating the playlist

For each of the following dimensions, please rate your experience of the task from 1 to 7:

 1 = Very Low, 4 = Moderate, 7 = Very High - Temporal Demand: How hurried or rushed was the pace of the task?","In terms of both controlling the scooter and navigating the playlist

For each of the following dimensions, please rate your experience of the task from 1 to 7:

 1 = Very Low, 4 = Moderate, 7 = Very High - Performance: How successful were you in accomplishing what you were asked to do?","In terms of both controlling the scooter and navigating the playlist

For each of the following dimensions, please rate your experience of the task from 1 to 7:

 1 = Very Low, 4 = Moderate, 7 = Very High - Effort: How hard did you have to work to accomplish your level of performance?","In terms of both controlling the scooter and navigating the playlist

For each of the following dimensions, please rate your experience of the task from 1 to 7:

 1 = Very Low, 4 = Moderate, 7 = Very High - Frustration: How insecure, discouraged, irritated, stressed, and annoyed were you?",Which track did you enjoy the most,Which track did you enjoy the least,Did the participant need to practice with the prototype,Were there difficulties with the simulator,Describe any issues with the simulator,Any other notes or observations,"In terms of both controlling the scooter and navigating the playlist

For each of the following dimensions, please rate your experience of the task from 1 to 7:

 1 = Very Low, 4 = Moderate, 7 = Very High - Mental Demand: How mentally demanding was the task?","In terms of both controlling the scooter and navigating the playlist

For each of the following dimensions, please rate your experience of the task from 1 to 7:

 1 = Very Low, 4 = Moderate, 7 = Very High - Physical Demand: How physically demanding was the task?","In terms of both controlling the scooter and navigating the playlist

For each of the following dimensions, please rate your experience of the task from 1 to 7:

 1 = Very Low, 4 = Moderate, 7 = Very High - Temporal Demand: How hurried or rushed was the pace of the task?","In terms of both controlling the scooter and navigating the playlist

For each of the following dimensions, please rate your experience of the task from 1 to 7:

 1 = Very Low, 4 = Moderate, 7 = Very High - Performance: How successful were you in accomplishing what you were asked to do?","In terms of both controlling the scooter and navigating the playlist

For each of the following dimensions, please rate your experience of the task from 1 to 7:

 1 = Very Low, 4 = Moderate, 7 = Very High - Effort: How hard did you have to work to accomplish your level of performance?","In terms of both controlling the scooter and navigating the playlist

For each of the following dimensions, please rate your experience of the task from 1 to 7:

 1 = Very Low, 4 = Moderate, 7 = Very High - Frustration: How insecure, discouraged, irritated, stressed, and annoyed were you?",Which track did you enjoy the most,Which track did you enjoy the least,Did the participant need to practice with the prototype,Were there difficulties with the simulator,Describe any issues with the simulator,Any other notes or observations,"In terms of both controlling the scooter and keeping track of the numbers

For each of the following dimensions, please rate your experience of the task from 1 to 7:

 1 = Very Low, 4 = Moderate, 7 = Very High - Mental Demand: How mentally demanding was the task?","In terms of both controlling the scooter and keeping track of the numbers

For each of the following dimensions, please rate your experience of the task from 1 to 7:

 1 = Very Low, 4 = Moderate, 7 = Very High - Physical Demand: How physically demanding was the task?","In terms of both controlling the scooter and keeping track of the numbers

For each of the following dimensions, please rate your experience of the task from 1 to 7:

 1 = Very Low, 4 = Moderate, 7 = Very High - Temporal Demand: How hurried or rushed was the pace of the task?","In terms of both controlling the scooter and keeping track of the numbers

For each of the following dimensions, please rate your experience of the task from 1 to 7:

 1 = Very Low, 4 = Moderate, 7 = Very High - Performance: How successful were you in accomplishing what you were asked to do?","In terms of both controlling the scooter and keeping track of the numbers

For each of the following dimensions, please rate your experience of the task from 1 to 7:

 1 = Very Low, 4 = Moderate, 7 = Very High - Effort: How hard did you have to work to accomplish your level of performance?","In terms of both controlling the scooter and keeping track of the numbers

For each of the following dimensions, please rate your experience of the task from 1 to 7:

 1 = Very Low, 4 = Moderate, 7 = Very High - Frustration: How insecure, discouraged, irritated, stressed, and annoyed were you?",Did the participant need to practice with the prototype,Were there difficulties with the simulator,Describe any issues with the simulator,Any other notes or observations,"In terms of both controlling the scooter and keeping track of the numbers

 For each of the following dimensions, please rate your experience of the task from 1 to 7:

 1 = Very Low, 4 = Moderate, 7 = Very High - Mental Demand: How mentally demanding was the task?","In terms of both controlling the scooter and keeping track of the numbers

 For each of the following dimensions, please rate your experience of the task from 1 to 7:

 1 = Very Low, 4 = Moderate, 7 = Very High - Physical Demand: How physically demanding was the task?","In terms of both controlling the scooter and keeping track of the numbers

 For each of the following dimensions, please rate your experience of the task from 1 to 7:

 1 = Very Low, 4 = Moderate, 7 = Very High - Temporal Demand: How hurried or rushed was the pace of the task?","In terms of both controlling the scooter and keeping track of the numbers

 For each of the following dimensions, please rate your experience of the task from 1 to 7:

 1 = Very Low, 4 = Moderate, 7 = Very High - Performance: How successful were you in accomplishing what you were asked to do?","In terms of both controlling the scooter and keeping track of the numbers

 For each of the following dimensions, please rate your experience of the task from 1 to 7:

 1 = Very Low, 4 = Moderate, 7 = Very High - Effort: How hard did you have to work to accomplish your level of performance?","In terms of both controlling the scooter and keeping track of the numbers

 For each of the following dimensions, please rate your experience of the task from 1 to 7:

 1 = Very Low, 4 = Moderate, 7 = Very High - Frustration: How insecure, discouraged, irritated, stressed, and annoyed were you?",Did the participant need to practice with the prototype,Were there difficulties with the simulator,Describe any issues with the simulator,Any other notes or observations,"In terms of both controlling the scooter and keeping track of the numbers

For each of the following dimensions, please rate your experience of the task from 1 to 7:

 1 = Very Low, 4 = Moderate, 7 = Very High - Mental Demand: How mentally demanding was the task?","In terms of both controlling the scooter and keeping track of the numbers

For each of the following dimensions, please rate your experience of the task from 1 to 7:

 1 = Very Low, 4 = Moderate, 7 = Very High - Physical Demand: How physically demanding was the task?","In terms of both controlling the scooter and keeping track of the numbers

For each of the following dimensions, please rate your experience of the task from 1 to 7:

 1 = Very Low, 4 = Moderate, 7 = Very High - Temporal Demand: How hurried or rushed was the pace of the task?","In terms of both controlling the scooter and keeping track of the numbers

For each of the following dimensions, please rate your experience of the task from 1 to 7:

 1 = Very Low, 4 = Moderate, 7 = Very High - Performance: How successful were you in accomplishing what you were asked to do?","In terms of both controlling the scooter and keeping track of the numbers

For each of the following dimensions, please rate your experience of the task from 1 to 7:

 1 = Very Low, 4 = Moderate, 7 = Very High - Effort: How hard did you have to work to accomplish your level of performance?","In terms of both controlling the scooter and keeping track of the numbers

For each of the following dimensions, please rate your experience of the task from 1 to 7:

 1 = Very Low, 4 = Moderate, 7 = Very High - Frustration: How insecure, discouraged, irritated, stressed, and annoyed were you?",Did the participant need to practice with the prototype,Were there difficulties with the simulator,Describe any issues with the simulator,Any other notes or observations,"In terms of both controlling the scooter and keeping track of the numbers

For each of the following dimensions, please rate your experience of the task from 1 to 7:

 1 = Very Low, 4 = Moderate, 7 = Very High - Mental Demand: How mentally demanding was the task?","In terms of both controlling the scooter and keeping track of the numbers

For each of the following dimensions, please rate your experience of the task from 1 to 7:

 1 = Very Low, 4 = Moderate, 7 = Very High - Physical Demand: How physically demanding was the task?","In terms of both controlling the scooter and keeping track of the numbers

For each of the following dimensions, please rate your experience of the task from 1 to 7:

 1 = Very Low, 4 = Moderate, 7 = Very High - Temporal Demand: How hurried or rushed was the pace of the task?","In terms of both controlling the scooter and keeping track of the numbers

For each of the following dimensions, please rate your experience of the task from 1 to 7:

 1 = Very Low, 4 = Moderate, 7 = Very High - Performance: How successful were you in accomplishing what you were asked to do?","In terms of both controlling the scooter and keeping track of the numbers

For each of the following dimensions, please rate your experience of the task from 1 to 7:

 1 = Very Low, 4 = Moderate, 7 = Very High - Effort: How hard did you have to work to accomplish your level of performance?","In terms of both controlling the scooter and keeping track of the numbers

For each of the following dimensions, please rate your experience of the task from 1 to 7:

 1 = Very Low, 4 = Moderate, 7 = Very High - Frustration: How insecure, discouraged, irritated, stressed, and annoyed were you?",Did the participant need to practice with the prototype,Were there difficulties with the simulator,Describe any issues with the simulator,Any other notes or observations,"In terms of both controlling the scooter and keeping track of the numbers

 For each of the following dimensions, please rate your experience of the task from 1 to 7:

 1 = Very Low, 4 = Moderate, 7 = Very High - Mental Demand: How mentally demanding was the task?","In terms of both controlling the scooter and keeping track of the numbers

 For each of the following dimensions, please rate your experience of the task from 1 to 7:

 1 = Very Low, 4 = Moderate, 7 = Very High - Physical Demand: How physically demanding was the task?","In terms of both controlling the scooter and keeping track of the numbers

 For each of the following dimensions, please rate your experience of the task from 1 to 7:

 1 = Very Low, 4 = Moderate, 7 = Very High - Temporal Demand: How hurried or rushed was the pace of the task?","In terms of both controlling the scooter and keeping track of the numbers

 For each of the following dimensions, please rate your experience of the task from 1 to 7:

 1 = Very Low, 4 = Moderate, 7 = Very High - Performance: How successful were you in accomplishing what you were asked to do?","In terms of both controlling the scooter and keeping track of the numbers

 For each of the following dimensions, please rate your experience of the task from 1 to 7:

 1 = Very Low, 4 = Moderate, 7 = Very High - Effort: How hard did you have to work to accomplish your level of performance?","In terms of both controlling the scooter and keeping track of the numbers

 For each of the following dimensions, please rate your experience of the task from 1 to 7:

 1 = Very Low, 4 = Moderate, 7 = Very High - Frustration: How insecure, discouraged, irritated, stressed, and annoyed were you?",Did the participant need to practice with the prototype,Were there difficulties with the simulator,Describe any issues with the simulator,Any other notes or observations,"In terms of both controlling the scooter and keeping track of the numbers 
For each of the following dimensions, please rate your experience of the task from 1 to 7:

 1 = Very Low, 4 = Moderate, 7 = Very High - Mental Demand: How mentally demanding was the task?","In terms of both controlling the scooter and keeping track of the numbers 
For each of the following dimensions, please rate your experience of the task from 1 to 7:

 1 = Very Low, 4 = Moderate, 7 = Very High - Physical Demand: How physically demanding was the task?","In terms of both controlling the scooter and keeping track of the numbers 
For each of the following dimensions, please rate your experience of the task from 1 to 7:

 1 = Very Low, 4 = Moderate, 7 = Very High - Temporal Demand: How hurried or rushed was the pace of the task?","In terms of both controlling the scooter and keeping track of the numbers 
For each of the following dimensions, please rate your experience of the task from 1 to 7:

 1 = Very Low, 4 = Moderate, 7 = Very High - Performance: How successful were you in accomplishing what you were asked to do?","In terms of both controlling the scooter and keeping track of the numbers 
For each of the following dimensions, please rate your experience of the task from 1 to 7:

 1 = Very Low, 4 = Moderate, 7 = Very High - Effort: How hard did you have to work to accomplish your level of performance?","In terms of both controlling the scooter and keeping track of the numbers 
For each of the following dimensions, please rate your experience of the task from 1 to 7:

 1 = Very Low, 4 = Moderate, 7 = Very High - Frustration: How insecure, discouraged, irritated, stressed, and annoyed were you?",Could you rank the interfaces you used - Voice,Could you rank the interfaces you used - Phone,Could you rank the interfaces you used - Watch,Could you rank the interfaces you used - Foot Button,Could you rank the interfaces you used - Throttle,Could you rank the interfaces you used - Button,Could you rank the interfaces you used - Display Order,Were there any that were uniquely difficult?,Were there any that were uniquely difficult? - Display Order,Were there any that were uniquely intuitive?,Were there any that were uniquely intuitive? - Display Order,Researcher Notes,randomID,Task,Prototype,FL_65 - Block Randomizer - Display Order
"{""ImportId"":""startDate"",""timeZone"":""America/Denver""}","{""ImportId"":""endDate"",""timeZone"":""America/Denver""}","{""ImportId"":""status""}","{""ImportId"":""ipAddress""}","{""ImportId"":""progress""}","{""ImportId"":""duration""}","{""ImportId"":""finished""}","{""ImportId"":""recordedDate"",""timeZone"":""America/Denver""}","{""ImportId"":""_recordId""}","{""ImportId"":""recipientLastName""}","{""ImportId"":""recipientFirstName""}","{""ImportId"":""recipientEmail""}","{""ImportId"":""externalDataReference""}","{""ImportId"":""locationLatitude""}","{""ImportId"":""locationLongitude""}","{""ImportId"":""distributionChannel""}","{""ImportId"":""userLanguage""}","{""ImportId"":""QID12_1""}","{""ImportId"":""QID12_2""}","{""ImportId"":""QID43_FILE_ID""}","{""ImportId"":""QID43_FILE_NAME""}","{""ImportId"":""QID43_FILE_SIZE""}","{""ImportId"":""QID43_FILE_TYPE""}","{""ImportId"":""QID3""}","{""ImportId"":""QID4""}","{""ImportId"":""QID14""}","{""ImportId"":""QID11_FILE_ID""}","{""ImportId"":""QID11_FILE_NAME""}","{""ImportId"":""QID11_FILE_SIZE""}","{""ImportId"":""QID11_FILE_TYPE""}","{""ImportId"":""QID15""}","{""ImportId"":""QID15_5_TEXT""}","{""ImportId"":""QID16""}","{""ImportId"":""QID17""}","{""ImportId"":""QID17_7_TEXT""}","{""ImportId"":""QID18""}","{""ImportId"":""QID18_5_TEXT""}","{""ImportId"":""QID19""}","{""ImportId"":""QID156_TEXT""}","{""ImportId"":""QID158""}","{""ImportId"":""QID158_4_TEXT""}","{""ImportId"":""QID162""}","{""ImportId"":""QID163""}","{""ImportId"":""QID164_TEXT""}","{""ImportId"":""QID165_TEXT""}","{""ImportId"":""QID159_1""}","{""ImportId"":""QID159_2""}","{""ImportId"":""QID159_3""}","{""ImportId"":""QID159_4""}","{""ImportId"":""QID159_5""}","{""ImportId"":""QID159_6""}","{""ImportId"":""QID95""}","{""ImportId"":""QID96""}","{""ImportId"":""QID97_TEXT""}","{""ImportId"":""QID98_TEXT""}","{""ImportId"":""QID149_1""}","{""ImportId"":""QID149_2""}","{""ImportId"":""QID149_3""}","{""ImportId"":""QID149_4""}","{""ImportId"":""QID149_5""}","{""ImportId"":""QID149_6""}","{""ImportId"":""QID150""}","{""ImportId"":""QID151""}","{""ImportId"":""QID45""}","{""ImportId"":""QID46""}","{""ImportId"":""QID47_TEXT""}","{""ImportId"":""QID48_TEXT""}","{""ImportId"":""QID145_1""}","{""ImportId"":""QID145_2""}","{""ImportId"":""QID145_3""}","{""ImportId"":""QID145_4""}","{""ImportId"":""QID145_5""}","{""ImportId"":""QID145_6""}","{""ImportId"":""QID146""}","{""ImportId"":""QID147""}","{""ImportId"":""QID55""}","{""ImportId"":""QID56""}","{""ImportId"":""QID57_TEXT""}","{""ImportId"":""QID58_TEXT""}","{""ImportId"":""QID125_1""}","{""ImportId"":""QID125_2""}","{""ImportId"":""QID125_3""}","{""ImportId"":""QID125_4""}","{""ImportId"":""QID125_5""}","{""ImportId"":""QID125_6""}","{""ImportId"":""QID126""}","{""ImportId"":""QID127""}","{""ImportId"":""QID60""}","{""ImportId"":""QID61""}","{""ImportId"":""QID62_TEXT""}","{""ImportId"":""QID63_TEXT""}","{""ImportId"":""QID121_1""}","{""ImportId"":""QID121_2""}","{""ImportId"":""QID121_3""}","{""ImportId"":""QID121_4""}","{""ImportId"":""QID121_5""}","{""ImportId"":""QID121_6""}","{""ImportId"":""QID122""}","{""ImportId"":""QID123""}","{""ImportId"":""QID65""}","{""ImportId"":""QID66""}","{""ImportId"":""QID67_TEXT""}","{""ImportId"":""QID68_TEXT""}","{""ImportId"":""QID117_1""}","{""ImportId"":""QID117_2""}","{""ImportId"":""QID117_3""}","{""ImportId"":""QID117_4""}","{""ImportId"":""QID117_5""}","{""ImportId"":""QID117_6""}","{""ImportId"":""QID118""}","{""ImportId"":""QID119""}","{""ImportId"":""QID70""}","{""ImportId"":""QID71""}","{""ImportId"":""QID72_TEXT""}","{""ImportId"":""QID73_TEXT""}","{""ImportId"":""QID109_1""}","{""ImportId"":""QID109_2""}","{""ImportId"":""QID109_3""}","{""ImportId"":""QID109_4""}","{""ImportId"":""QID109_5""}","{""ImportId"":""QID109_6""}","{""ImportId"":""QID110""}","{""ImportId"":""QID111""}","{""ImportId"":""QID100""}","{""ImportId"":""QID101""}","{""ImportId"":""QID102_TEXT""}","{""ImportId"":""QID103_TEXT""}","{""ImportId"":""QID153_1""}","{""ImportId"":""QID153_2""}","{""ImportId"":""QID153_3""}","{""ImportId"":""QID153_4""}","{""ImportId"":""QID153_5""}","{""ImportId"":""QID153_6""}","{""ImportId"":""QID75""}","{""ImportId"":""QID76""}","{""ImportId"":""QID77_TEXT""}","{""ImportId"":""QID78_TEXT""}","{""ImportId"":""QID143_1""}","{""ImportId"":""QID143_2""}","{""ImportId"":""QID143_3""}","{""ImportId"":""QID143_4""}","{""ImportId"":""QID143_5""}","{""ImportId"":""QID143_6""}","{""ImportId"":""QID80""}","{""ImportId"":""QID81""}","{""ImportId"":""QID82_TEXT""}","{""ImportId"":""QID83_TEXT""}","{""ImportId"":""QID137_1""}","{""ImportId"":""QID137_2""}","{""ImportId"":""QID137_3""}","{""ImportId"":""QID137_4""}","{""ImportId"":""QID137_5""}","{""ImportId"":""QID137_6""}","{""ImportId"":""QID85""}","{""ImportId"":""QID86""}","{""ImportId"":""QID87_TEXT""}","{""ImportId"":""QID88_TEXT""}","{""ImportId"":""QID135_1""}","{""ImportId"":""QID135_2""}","{""ImportId"":""QID135_3""}","{""ImportId"":""QID135_4""}","{""ImportId"":""QID135_5""}","{""ImportId"":""QID135_6""}","{""ImportId"":""QID90""}","{""ImportId"":""QID91""}","{""ImportId"":""QID92_TEXT""}","{""ImportId"":""QID93_TEXT""}","{""ImportId"":""QID139_1""}","{""ImportId"":""QID139_2""}","{""ImportId"":""QID139_3""}","{""ImportId"":""QID139_4""}","{""ImportId"":""QID139_5""}","{""ImportId"":""QID139_6""}","{""ImportId"":""QID105""}","{""ImportId"":""QID106""}","{""ImportId"":""QID107_TEXT""}","{""ImportId"":""QID108_TEXT""}","{""ImportId"":""QID133_1""}","{""ImportId"":""QID133_2""}","{""ImportId"":""QID133_3""}","{""ImportId"":""QID133_4""}","{""ImportId"":""QID133_5""}","{""ImportId"":""QID133_6""}","{""ImportId"":""QID38_1""}","{""ImportId"":""QID38_2""}","{""ImportId"":""QID38_3""}","{""ImportId"":""QID38_4""}","{""ImportId"":""QID38_5""}","{""ImportId"":""QID38_6""}","{""ImportId"":""QID38_DO""}","{""ImportId"":""QID39""}","{""ImportId"":""QID39_DO""}","{""ImportId"":""QID40""}","{""ImportId"":""QID40_DO""}","{""ImportId"":""QID42_TEXT""}","{""ImportId"":""randomID""}","{""ImportId"":""Task""}","{""ImportId"":""Prototype""}","{""ImportId"":""FL_65_DO""}"
2024-08-09 08:55:17,2024-08-09 13:32:04,IP Address,*******,100,16606,TRUE,2024-08-09 13:32:06,R_5vjC7E48a239qPZ,*******,*******,*******,*******,*******,*******,anonymous,EN,Kyon,240809,F_2dh8CSudRDfMacG,signature.png,9260,image/png,Yes,"Yes, with anonymization",Yes,F_RbmljZc11LAOeQN,signature.png,14568,image/png,,,Never,"A cell phone mounted on the vehicle,A cell phone in a pocket or bag,Headphones with inline controls",,Other,Don’t drive,most of the time,22,Man,,,,,,3,5,6,6,5,3,Not at all,No,Restarted,,6,5,4,5,3,4,third,first,Not at all,No,,"Ride on the side walk
Stopped in the middle of roads
",7,7,7,2,7,5,fourth,first,Not at all,No,Needed to restart the esp,,6,7,4,4,7,6,first,third,Not at all,No,,,6,4,4,6,3,3,fourth,third,Not at all,No,,,4,5,6,3,5,3,fourth,second,Not at all,No,Restarted,,5,6,5,4,5,4,fourth,I do not recall,Not at all,Yes,,,6,7,6,5,6,6,Not at all,No,,"He couldn’t focus on driving at all
",7,7,7,2,6,6,Not at all,No,Restarted,,6,7,7,6,5,2,Not at all,No,,Finished earlier,5,2,5,4,3,2,Not at all,No,,Missed one task,6,4,7,4,4,3,Not at all,No,,,6,4,7,6,5,5,1,4,6,5,3,2,Watch|Foot Button|Button|Throttle|Phone|Voice,"Watch,Foot Button",Phone|Voice|Throttle|Watch|Button|Foot Button,"Voice,Button",Watch|Voice|Foot Button|Button|Phone|Throttle,,1011,N Back,Watch,FL_61|FL_37|FL_29|FL_41|FL_18|FL_21|FL_57|FL_16|FL_25|FL_53|FL_49|FL_45
2024-08-09 13:32:32,2024-08-09 14:52:42,IP Address,*******,100,4809,TRUE,2024-08-09 14:52:43,R_1xGLK6j5obBzBYt,*******,*******,*******,*******,*******,*******,anonymous,EN,Kyon,20240809,F_2D0Oww2pOXWzZtd,signature.png,8056,image/png,Yes,"Yes, without anonymization",Yes,F_1JXU8x410EwARor,signature.png,14928,image/png,"E-Scooter,Please list any others:",Onewheel,Several times a week,"A cell phone in a pocket or bag,A smartwatch,Headphones with inline controls,Voice commands",,"Controlling audio playback or track selection for music or podcasts,Communicating via text or messaging apps",,About half the time,20,Man,,Not at all,No,,"Riding on the right side of the roads
 looked around for his safety several times",1,3,1,1,3,1,Not at all,No,,Stopped trying to change songs right before the intersection ,3,3,1,7,4,1,second,fourth,Not at all,No,Restarted sim,,3,3,1,7,4,1,third,second,Not at all,No,,,3,5,2,7,4,2,third,second,Not at all,No,,,2,3,1,7,3,1,first,fourth,Not at all,No,,,3,3,1,7,4,1,fourth,first,Not at all,No,,Changed song in the middle of turnings left,2,3,1,7,3,2,first,fourth,Not at all,No,,,4,4,3,5,4,2,Not at all,No,,Stopped a lot,5,4,2,6,5,2,Not at all,Yes,NBack System skipped one number,,4,4,2,5,4,2,Not at all,No,,,4,3,2,7,4,1,Not at all,No,"Sim: kill the app and needed to start it again
ESP32: needs to restart",,4,3,1,6,4,1,Not at all,No,,Looks he had difficulty for using Prototype with bake,4,4,3,6,4,2,2,5,6,3,4,1,Foot Button|Watch|Throttle|Voice|Phone|Button,"Phone,Watch",Foot Button|Throttle|Phone|Voice|Button|Watch,Foot Button,Foot Button|Phone|Voice|Watch|Throttle|Button,,3844,Song,Throttle,FL_37|FL_16|FL_18|FL_29|FL_49|FL_21|FL_57|FL_53|FL_45|FL_25|FL_61|FL_41
2024-08-10 10:58:40,2024-08-10 13:04:10,IP Address,*******,100,7530,TRUE,2024-08-10 13:04:12,R_5opdBiyqQzpBUXm,*******,*******,*******,*******,*******,*******,anonymous,EN,Kyon,20240810,F_2CDuJI77sZIRqhR,signature.png,8576,image/png,Yes,"Yes, without anonymization",Yes,F_PuIji4pp2OGLsxX,signature.png,9399,image/png,"E-Bike,E-Scooter",,Almost every day,Other,No,"Using a navigation app such as Google or Apple Maps,Controlling audio playback or track selection for music or podcasts",,most of the time,23,Man,,Not at all,Yes,,Had difficulty of maintaining his balance,1,2,1,3,1,1,Not at all,Yes,,"Gave up maintaining balances
Reckless driving ",4,4,2,5,4,3,first,second,Not at all,Yes,Restarted once,,3,4,4,2,4,5,second,I was unable to navigate the playlist,Not at all,No,,Played with the bell,2,4,3,5,2,3,third,I do not recall,Not at all,No,,,1,1,1,7,1,1,third,I do not recall,,No,,Reckless driving,1,1,1,7,1,1,fourth,first,Not at all,No,,,3,2,1,6,2,1,second,I do not recall,,Yes,"Phone unmounted
Web
",,7,6,6,1,6,6,Not at all,No,,Couldn’t focus on driving at all,7,7,7,1,7,7,Not at all,No,,He gave up standing on the base,4,5,6,5,5,4,Not at all,No,,,4,2,3,6,3,2,Not at all,No,,,4,1,3,5,2,2,Not at all,No,,,4,2,3,6,4,4,1,5,6,4,3,2,Watch|Throttle|Phone|Button|Voice|Foot Button,Watch,Voice|Phone|Button|Watch|Throttle|Foot Button,"Voice,Button",Throttle|Button|Voice|Watch|Foot Button|Phone,,641,N Back,Watch,FL_21|FL_53|FL_18|FL_29|FL_49|FL_37|FL_57|FL_61|FL_16|FL_41|FL_25|FL_45
2024-08-10 13:04:24,2024-08-12 10:47:57,IP Address,*******,100,164613,TRUE,2024-08-12 10:48:00,R_1r7CgTuMP44NhQ0,*******,*******,*******,*******,*******,*******,anonymous,EN,Kyon,20240810,F_12eVnHUEC4tOJqx,signature.png,9321,image/png,Yes,"Yes, with anonymization",Yes,F_3KNoUyu33E1L5ap,signature.png,11282,image/png,Please list any others:,Motorcycle ,Several times a week,"A cell phone in a pocket or bag,Headphones with inline controls",,"Using a navigation app such as Google or Apple Maps,Communicating via text or messaging apps,Speaking on the phone",,About half the time,26,Man,,Not at all,No,,Stepped down:4,6,5,1,7,4,2,They practiced a little,No,Needed to restart the session because the browser said “forbidden”,He took a rythum,4,4,1,7,3,2,third,I do not recall,Not at all,No,,,4,4,1,7,2,2,fourth,I do not recall,Not at all,No,,He did long press accidentally because he needed to maintain his balance,4,4,1,7,3,1,second,third,Not at all,No,,,3,3,1,7,3,1,fourth,I do not recall,Not at all,No,,,5,4,1,7,4,1,third,I do not recall,Not at all,No,,Stepped down a lot,5,5,1,7,5,2,second,fourth,Not at all,No,,,6,6,1,5,4,4,Not at all,No,,Stepped down,6,6,1,7,6,4,Not at all,No,,,3,4,1,6,2,3,Not at all,No,,,3,2,1,7,1,1,Not at all,No,,"His driving speed is getting faster and faster 
",2,2,1,7,1,1,Not at all,No,,When he stepped down it took more time to answer than usual,4,5,1,6,4,2,2,5,6,3,4,1,Voice|Foot Button|Phone|Button|Throttle|Watch,"Phone,Watch",Foot Button|Button|Voice|Throttle|Watch|Phone,"Voice,Foot Button,Button",Button|Voice|Watch|Phone|Throttle|Foot Button,,2808,N Back,Voice,FL_37|FL_25|FL_41|FL_29|FL_45|FL_16|FL_61|FL_49|FL_21|FL_57|FL_18|FL_53
2024-08-13 10:52:48,2024-08-13 14:00:12,IP Address,*******,100,11243,TRUE,2024-08-13 14:00:14,R_1F3y18sUyghGxdR,*******,*******,*******,*******,*******,*******,anonymous,EN,Kyon,20240813,F_2f3cSvOnL8PRs8N,signature.png,11750,image/png,Yes,"Yes, without anonymization",Yes,F_3p4DZNIszN8aDsZ,signature.png,15523,image/png,"E-Bike,E-Scooter",,A few times a year,"A cell phone mounted on the vehicle,A cell phone in a pocket or bag,A smartwatch",,"Using a navigation app such as Google or Apple Maps,Controlling audio playback or track selection for music or podcasts,Speaking on the phone",,most of the time,19,Man,,Not at all,Yes,,Participant had significant difficulty on maintaining his balance,6,4,2,3,6,4,Not at all,No,Needed to restart the sim,,2,5,6,6,4,3,third,fourth,Not at all,No,,Actively explored the playlists ,2,7,5,7,6,6,third,fourth,Not at all,No,,,2,5,2,6,6,4,fourth,second,Not at all,No,,Seems like he forgot about the task at first ,2,2,5,7,2,2,fourth,third,Not at all,Yes,,He almost gave up standing on the scooter,2,6,5,2,4,4,third,second,Not at all,No,Needed to restart,"His riding is getting better
",4,6,5,7,6,6,first,second,Not at all,No,,,4,5,2,6,4,4,Not at all,Yes,,"He took off both of his hand from the handle bar
Henintnsio",4,7,2,2,7,7,Not at all,No,,He’s incredibly getting better of riding,4,5,2,7,4,4,Not at all,No,,,5,4,2,7,5,3,Not at all,No,,,3,3,3,7,4,2,They practiced a little,No,,,5,6,2,6,6,6,1,3,6,4,5,2,Foot Button|Watch|Phone|Throttle|Voice|Button,Watch,Button|Watch|Foot Button|Phone|Throttle|Voice,Voice,Watch|Foot Button|Phone|Voice|Button|Throttle,,9570,N Back,Foot button,FL_37|FL_53|FL_61|FL_25|FL_41|FL_57|FL_45|FL_21|FL_18|FL_16|FL_29|FL_49
2024-08-13 14:00:14,2024-08-13 16:44:32,IP Address,*******,100,9858,TRUE,2024-08-13 16:44:34,R_1Fs1IfehvPt7VM2,*******,*******,*******,*******,*******,*******,anonymous,EN,Kyon,20240813,F_27IJTFeuPVA6oUb,signature.png,9458,image/png,Yes,"Yes, with anonymization",Yes,F_2YVzT6tDV7IfchB,signature.png,7973,image/png,,,Never,,,,,Never,19,Woman,,Not at all,Yes,"Needed to restart the sim
Lost right after the second intersection",,3,5,1,5,5,4,Not at all,No,"Needed to restart the sim
",Dismount once,3,3,1,6,4,1,third,fourth,Not at all,No,,,4,3,1,6,3,1,fourth,first,Not at all,No,,Enjoyed the music with dancing with the song,3,5,1,6,6,1,third,second,Not at all,No,,,3,4,1,5,3,1,second,third,Not at all,No,"The server stopped for an error, we did the whole session again",,3,3,1,6,4,1,second,first,,No,,Seemed like it take a while to get to used to how to use throttle ,4,5,2,6,4,3,second,fourth,Not at all,No,,So good at using phone prototype,6,5,4,4,5,3,Not at all,No,,,6,6,2,4,6,3,Not at all,No,,,4,7,3,5,6,3,Not at all,No,,,4,3,3,5,4,2,Not at all,No,,,5,6,3,2,5,3,Not at all,No,,,4,5,3,5,6,2,1,5,6,4,3,2,Throttle|Watch|Voice|Foot Button|Button|Phone,"Watch,Foot Button",Voice|Foot Button|Throttle|Watch|Phone|Button,Voice,Voice|Phone|Button|Throttle|Watch|Foot Button,,725,N Back,Throttle,FL_16|FL_18|FL_53|FL_45|FL_41|FL_37|FL_49|FL_25|FL_21|FL_29|FL_57|FL_61
2024-08-13 16:45:03,2024-08-14 09:29:03,IP Address,*******,100,60240,TRUE,2024-08-14 09:29:05,R_6dgBwn1eRjOvCw9,*******,*******,*******,*******,*******,*******,anonymous,EN,Kyon,20240814,F_ptohj68Kv1XIwWl,signature.png,9883,image/png,Yes,"Yes, with anonymization",Yes,F_3J8BCzkK1m5iQrp,signature.png,10776,image/png,"E-Bike,E-Scooter,E-Skateboard",,Almost every day,"A cell phone mounted on the vehicle,A cell phone in a pocket or bag,A smartwatch,Headphones with inline controls,Voice commands",,"Using a navigation app such as Google or Apple Maps,Controlling audio playback or track selection for music or podcasts,Speaking on the phone",,most of the time,32,Man,,Not at all,Yes,,Asked me if it’s ok to put his fee,6,7,5,1,6,7,Not at all,,,,7,7,7,1,6,6,third,first,Not at all,No,,Had difficulty of maintaining hi sbalan,7,7,7,2,6,6,second,first,Not at all,No,,,6,6,6,2,5,5,first,third,Not at all,No,,,5,5,4,3,6,5,fourth,second,Not at all,No,,It took time for participant to start playing,6,6,6,1,6,6,second,fourth,Not at all,No,,,6,6,6,2,5,6,first,second,Not at all,No,,Had difficulty on touch screen,7,7,4,2,6,7,Not at all,No,,Gave up maintaining his balance,6,6,6,2,6,7,Not at all,No,,,5,7,6,3,6,7,Not at all,No,,,5,7,6,3,5,6,Not at all,No,The handle bar was broken,,4,6,6,2,6,6,Not at all,No,,,4,4,5,3,5,5,3,4,5,6,2,1,Voice|Watch|Phone|Throttle|Foot Button|Button,"Watch,Foot Button",Phone|Voice|Watch|Foot Button|Throttle|Button,"Voice,Button",Foot Button|Voice|Phone|Throttle|Button|Watch,,1453,N Back,Foot button,FL_21|FL_29|FL_37|FL_16|FL_18|FL_45|FL_61|FL_25|FL_41|FL_53|FL_57|FL_49
2024-08-14 10:38:19,2024-08-14 12:39:14,IP Address,*******,100,7254,TRUE,2024-08-14 12:39:16,R_7UiqbeQmbnCqw6m,*******,*******,*******,*******,*******,*******,anonymous,EN,Kyon,20240814,F_eL3i82jCjo4RwnD,signature.png,7700,image/png,Yes,"Yes, with anonymization",Yes,F_dgqMHrCgl1iCv4d,signature.png,18294,image/png,,,Never,,,"Using a navigation app such as Google or Apple Maps,Controlling audio playback or track selection for music or podcasts,Speaking on the phone",,Rarely,24,Man,,Not at all,No,,,7,6,6,4,6,6,Not at all,No,,,7,6,7,3,7,6,third,second,Not at all,No,,He changed the wrist to put on the watch(left to right),6,6,4,5,6,4,fourth,first,Not at all,No,Needed to restart the sim,,5,4,3,6,4,3,first,second,Not at all,No,,He realized I:m wizarding,6,3,4,6,5,4,first,third,Not at all,Yes,,,4,3,2,5,4,2,second,first,Not at all,No,Needed to restart the sim,,6,5,4,5,6,5,second,fourth,Not at all,No,,,5,6,6,6,6,3,Not at all,,,Couldn’t focus on driving at all,7,7,6,2,7,7,Not at all,No,The button fell off and ,,7,7,6,2,7,7,Not at all,No,,,6,3,5,6,5,2,Not at all,No,,,5,5,5,5,4,3,Not at all,No,,,5,5,2,7,5,2,2,4,5,6,1,3,Throttle|Button|Phone|Voice|Foot Button|Watch,"Phone,Watch,Foot Button",Phone|Foot Button|Button|Voice|Watch|Throttle,"Throttle,Button",Foot Button|Phone|Button|Voice|Watch|Throttle,,1026,N Back,Throttle,FL_16|FL_18|FL_45|FL_41|FL_49|FL_25|FL_37|FL_57|FL_53|FL_29|FL_21|FL_61
2024-08-15 07:50:28,2024-08-15 09:18:39,IP Address,*******,100,5290,TRUE,2024-08-15 09:18:42,R_7INlA9dQOMXY8rJ,*******,*******,*******,*******,*******,*******,anonymous,EN,Kyon,20240815,F_s7ElDz9SjgyI0W5,signature.png,7988,image/png,Yes,"Yes, with anonymization",Yes,F_1n1kjQCPmcUyyPQ,signature.png,5697,image/png,E-Bike,,A few times a year,A cell phone mounted on the vehicle,,"Using a navigation app such as Google or Apple Maps,Controlling audio playback or track selection for music or podcasts",,Always,29,Man,,Not at all,No,,"Crashed garbage cans (3) and was a bit wobbly, fell off multiple times",2,4,2,4,4,2,,No,,"Gave up on balancing with foot in wood 
Crashed into wall and lost balance a lot towards end",3,4,4,4,5,4,first,fourth,Not at all,No,,"Crashed into garbage cans (1), took time to play the song, crashed into wall (2)",5,6,5,1,7,1,third,second,Not at all,,,"Had difficulty maintaining balance when switching songs. Crashed into wall (2)
Fell off scooter
Gave up on balance",2,3,4,5,2,2,first,third,Not at all,Yes,,He gave up maintaining his balance,1,1,1,6,1,1,second,fourth,Not at all,,,"Crashed and lost balance trying to go fast, gave up on balance late into application ",1,1,1,7,2,1,third,first,Not at all,No,Restart once,Crashed into garbage cans (2) kept foot on wood instead of scooter,4,2,3,3,4,1,I do not recall,I do not recall,Not at all,No,,"He didn’t focus on driving at all
He gave up mainta",5,5,5,2,6,4,Not at all,Yes,,"He couldn’t focus on driving at all
He gave up maintaining his balance (foot on floor)",7,5,5,2,7,4,Not at all,No,,He stood by one foot  ,3,1,1,2,4,4,Not at all,Yes,,His foot was on the floor/,2,1,1,6,3,2,Not at all,No,Needed to restart the esp32 once,,1,1,1,7,1,1,Not at all,,,Crashed into garbage cans (1),3,2,2,2,3,1,1,5,6,3,4,2,Button|Voice|Foot Button|Throttle|Phone|Watch,"Phone,Watch,Throttle",Throttle|Button|Watch|Foot Button|Voice|Phone,"Voice,Button",Voice|Throttle|Phone|Foot Button|Watch|Button,,5778,Song,Button,FL_61|FL_41|FL_49|FL_18|FL_29|FL_21|FL_45|FL_25|FL_57|FL_53|FL_16|FL_37
2024-08-15 11:28:34,2024-08-15 12:54:28,IP Address,*******,100,5153,TRUE,2024-08-15 12:54:30,R_1e3V1SbYJ2o7Dtk,*******,*******,*******,*******,*******,*******,anonymous,EN,Kyon,20240815,F_1nVj15WhJ8Qli6I,signature.png,9708,image/png,Yes,"Yes, with anonymization",Yes,F_V23w4kgOGHGnYn7,signature.png,9133,image/png,,,A few times a year,"A cell phone in a pocket or bag,A smartwatch,Headphones with inline controls",,"Using a navigation app such as Google or Apple Maps,Controlling audio playback or track selection for music or podcasts",,About half the time,27,Woman,,Not at all,Yes,,,5,7,2,1,7,5,Not at all,No,,,6,3,1,4,7,5,third,fourth,Not at all,No,,"Pressed start button before using acceleration 
In order to change sons, she stopped",4,7,1,2,6,7,fourth,I do not recall,Not at all,No,Foot button was bit wobbly ,After ,3,6,6,6,5,6,third,fourth,They practiced a little,No,,,1,1,1,7,2,1,fourth,second,Not at all,No,Restarted the sim,,1,1,1,7,2,1,fourth,third,Not at all,No,,,3,2,1,7,2,1,second,fourth,Not at all,No,,,6,6,5,3,7,6,Not at all,No,,,7,7,5,4,7,7,Not at all,No,,Missed severs,7,7,7,5,7,5,They practiced a little,No,,Confused with yes and no,3,1,1,7,3,1,Not at all,No,Needed to restart the sim,,5,2,4,7,5,3,Not at all,No,"The camera had a problem, so I swapped the camera",,2,4,3,7,5,6,1,5,6,4,3,2,Button|Watch|Foot Button|Voice|Throttle|Phone,"Phone,Watch,Foot Button",Watch|Button|Foot Button|Phone|Voice|Throttle,Voice,Throttle|Watch|Button|Phone|Voice|Foot Button,,321,N Back,Phone,FL_25|FL_49|FL_41|FL_16|FL_57|FL_21|FL_53|FL_29|FL_61|FL_45|FL_37|FL_18
2024-08-15 13:28:56,2024-08-15 14:53:17,IP Address,*******,100,5061,TRUE,2024-08-15 14:53:19,R_1mtlmejuFi2hq2l,*******,*******,*******,*******,*******,*******,anonymous,EN,Kyon,20240815,F_3EXTISvRNgUpM9Z,signature.png,7712,image/png,Yes,"Yes, with anonymization",Yes,F_2flkWNshw8peuiD,signature.png,9252,image/png,"E-Bike,E-Scooter",,A few times a year,"A cell phone mounted on the vehicle,A smartwatch",,"Using a navigation app such as Google or Apple Maps,Controlling audio playback or track selection for music or podcasts,Speaking on the phone",,most of the time,32,Woman,,Not at all,No,,,4,7,2,4,5,3,Not at all,No,,,6,7,6,4,6,5,fourth,second,Not at all,No,,Rythum ,6,7,4,3,6,3,fourth,second,Not at all,No,,,4,7,4,4,7,5,third,first,Not at all,Yes,,She couldn‘t turn in the second crossroads and lost in the course. So I restarted the session,7,6,5,4,7,5,third,second,Not at all,No,,Crashed into the wall after the final streat,5,6,2,6,4,3,third,fourth,Not at all,No,,,3,3,1,7,2,1,third,fourth,Not at all,Yes,Restarted the sim once,Had difficulty ,5,7,7,1,7,1,Not at all,No,,Getti,3,7,7,2,6,3,They practiced a little,Yes,,She did long press without her intention to maintain her balance,7,7,6,2,7,6,They practiced a little,No,Restarted once,,2,7,4,6,5,4,Not at all,No,,"After the cones, ",2,3,5,5,3,2,Not at all,No,,,3,4,6,5,4,2,3,6,5,4,2,1,Foot Button|Watch|Button|Phone|Voice|Throttle,"Phone,Watch,Foot Button",Watch|Foot Button|Voice|Button|Phone|Throttle,"Voice,Throttle,Button",Foot Button|Button|Phone|Watch|Voice|Throttle,,91,N Back,Throttle,FL_29|FL_53|FL_49|FL_37|FL_16|FL_41|FL_21|FL_25|FL_18|FL_45|FL_57|FL_61
2024-08-15 15:35:04,2024-08-16 13:52:29,IP Address,*******,100,80244,TRUE,2024-08-16 13:52:31,R_3HulLL1udxrOVHl,*******,*******,*******,*******,*******,*******,anonymous,EN,Daniel,20240816,F_PNAbSW6lP5usOpr,signature.png,9477,image/png,Yes,"Yes, without anonymization",Yes,F_2uqfCXEvqmYQQBP,signature.png,9561,image/png,"E-Bike,E-Scooter",,Several times a week,"A cell phone in a pocket or bag,A smartwatch",,"Using a navigation app such as Google or Apple Maps,Controlling audio playback or track selection for music or podcasts,Communicating via text or messaging apps,Speaking on the phone",,most of the time,23,Man,,Not at all,No,,"Was a Little wobbly
Hit trash cans (2)",3,3,1,2,5,6,Not at all,No,Restart sim once,On turn lost balance and kept foot on floor until turn was done ,5,6,3,5,6,6,first,second,Not at all,No,,Played music before beginning to drive. Was fairly comfortable with the watch (he already previously had a watch). Swapped watch hands,5,5,3,3,6,5,first,second,Not at all,No,,Bobbed head a little. Actively explored playlist. Drove a little slower than usual,3,4,2,6,5,3,first,third,Not at all,No,,,5,5,2,5,5,3,second,third,Not at all,No,Restart sim once,Crashed into wall last turn,5,3,2,4,5,5,second,third,Not at all,No,Restart sim once ,Bobbed head with music,4,3,2,6,3,3,second,fourth,Not at all,No,,Struggled to keep balance while inputting yes or no on turns,5,6,4,5,5,5,Not at all,No,Restart sim once ,Hovered hand over watch entire time towards second half ,5,7,2,6,6,5,Not at all,No,,Was slower when turning but kept balance and kept answering correctly ,5,6,2,6,7,6,Not at all,No,,,6,3,2,6,5,3,Not at all,No,,When he lost balance he kept foot on floor to finish the turn,5,3,3,4,5,5,Not at all,No,,Struggled to maintain balance while inputting throttle and steering ,4,4,3,6,5,4,2,5,6,4,1,3,Foot Button|Button|Phone|Voice|Throttle|Watch,Watch,Throttle|Phone|Button|Watch|Foot Button|Voice,Throttle,Phone|Button|Throttle|Watch|Foot Button|Voice,,6167,N Back,Foot button,FL_57|FL_29|FL_16|FL_41|FL_25|FL_18|FL_61|FL_21|FL_45|FL_37|FL_53|FL_49
2024-08-16 13:53:22,2024-08-16 15:50:22,IP Address,*******,100,7019,TRUE,2024-08-16 15:50:23,R_7ZQGRZ6J88wAtrP,*******,*******,*******,*******,*******,*******,anonymous,EN,Kyon,20240816,F_1NyqI1rWd6y96HI,signature.png,8939,image/png,Yes,"Yes, with anonymization",Yes,F_4JCKxsL0cIGHTRn,signature.png,10996,image/png,E-Bike,,Never,A cell phone in a pocket or bag,,Using a navigation app such as Google or Apple Maps,,Rarely,29,Woman,,Not at all,Yes,,Looks struggling both maintaining balance and operating escooter,3,5,4,5,5,3,Not at all,No,,"For curve, she tries to lean",3,4,4,6,4,3,first,fourth,Not at all,No,Needed to restart the sim,,3,5,4,5,5,4,first,third,Not at all,No,,Bear foot seems much easier to press the foot button,3,4,4,4,5,4,fourth,second,Not at all,No,,,3,4,4,6,3,2,fourth,third,Not at all,No,Restarted the sim once,,3,4,4,6,3,2,third,fourth,They practiced a little,No,Restarted the session because the speaker battery runs out during the session,She tried to lean ,3,5,4,5,3,3,first,third,Not at all,No,Restarted the esp32 once,She used left hand to tap the button,5,5,4,4,5,5,Not at all,No,,"She handed off both hand at the same time
Sometimes she forgot to use accelerator ",5,5,5,4,6,5,Not at all,No,,She wear the shoes and it made her difficult to press the button,5,5,4,3,5,5,Not at all,No,,,3,5,4,6,3,3,Not at all,No,,,3,5,4,6,3,3,Not at all,No,,Seems like it is difficult to use this throttle with the brake because she used lots of brakes,4,5,4,4,5,3,3,5,6,4,2,1,Foot Button|Phone|Throttle|Voice|Button|Watch,Watch,Watch|Throttle|Voice|Phone|Button|Foot Button,Foot Button,Watch|Throttle|Button|Voice|Foot Button|Phone,"At first, she took off her shoes but later she wear it again ",840,Song,Button,FL_41|FL_45|FL_53|FL_21|FL_57|FL_16|FL_25|FL_61|FL_29|FL_18|FL_49|FL_37
2024-08-17 08:14:16,2024-08-17 09:49:56,IP Address,*******,100,5739,TRUE,2024-08-17 09:49:58,R_6MxTtJQamrIyvCh,*******,*******,*******,*******,*******,*******,anonymous,EN,Daniel,20240817,F_3iXrA86V3mG4skW,signature.png,14530,image/png,Yes,"Yes, with anonymization",Yes,F_21gjS0sS7vUwCMb,signature.png,11327,image/png,,,Never,,,,,,23,Woman,,Not at all,No,,Had to step off to finish turns because she would lose balance half way through the turn,7,5,4,1,7,7,Not at all,No,,,6,5,4,5,6,4,first,third,They practiced a little,No,,Started playing after first turn and was slow to go to the next songs,7,7,4,4,7,7,third,first,They practiced a little,No,Button wasn’t registering sometimes,Pressed backward instead of forward ,7,5,4,4,6,5,third,first,Not at all,No,Restart sim once,,5,4,3,6,5,4,first,third,They practiced a little,No,,Stepped off scooter to finish turns,6,4,4,1,7,6,fourth,third,Not at all,No,,,4,4,3,6,6,3,first,fourth,Not at all,No,,Struggled with one input at the beginning ,6,4,5,5,7,6,Not at all,No,,Fell off frequently when having to input on watch. Also accidentally pressed the wrong button once. She got the hang of it later,7,5,5,2,7,7,They needed significant time getting comfortable with the prototype,No,We’re practicing with the sim for a while because she didn’t stop ,,6,5,4,5,7,6,Not at all,No,,,5,4,3,6,6,5,Not at all,No,Restart sim once ,Appears very confident with the system,4,4,3,6,5,3,They practiced a little,No,,Appeared more comfortable than before using this prototype than the others,5,4,3,5,7,5,3,5,6,4,2,1,Button|Phone|Voice|Watch|Foot Button|Throttle,"Phone,Watch,Foot Button",Phone|Watch|Voice|Foot Button|Button|Throttle,"Throttle,Button",Voice|Watch|Foot Button|Throttle|Button|Phone,,2750,N Back,Button,FL_37|FL_21|FL_45|FL_61|FL_53|FL_41|FL_29|FL_18|FL_25|FL_16|FL_49|FL_57
2024-08-17 10:50:47,2024-08-17 12:11:52,IP Address,*******,100,4865,TRUE,2024-08-17 12:11:54,R_3rPhXperUWwbOvD,*******,*******,*******,*******,*******,*******,anonymous,EN,Kyon,20240817,F_24o4ujJyGILPsTC,signature.png,9675,image/png,Yes,"Yes, with anonymization",Yes,F_3rPyd1fmEukvJGq,signature.png,8605,image/png,"E-Bike,E-Scooter",,A few times a year,"A cell phone mounted on the vehicle,A cell phone in a pocket or bag",,"Using a navigation app such as Google or Apple Maps,Controlling audio playback or track selection for music or podcasts,Communicating via text or messaging apps",,About half the time,24,Man,,Not at all,No,,Asked me if he can put down his feet ,5,5,3,3,5,5,Not at all,No,,His feet position is interesting (two se),4,4,3,5,4,3,I do not recall,first,Not at all,No,,Seems like He had strong taste of music,4,5,5,4,6,4,third,I do not recall,Not at all,No,,,3,5,3,5,5,4,I do not recall,second,Not at all,No,,,3,3,2,6,3,3,second,third,Not at all,No,,He made a huge shortcut on the pavement ,3,3,3,7,4,2,first,I do not recall,Not at all,No,,Very dangerous driving,5,5,4,6,4,4,I do not recall,I do not recall,Not at all,Yes,,He put his feet down for few se,4,6,4,4,4,4,Not at all,No,,,5,7,6,6,6,4,Not at all,No,Needed to restart the sim,,4,6,3,5,5,4,Not at all,No,,,3,5,5,5,4,4,Not at all,No,,,4,3,4,6,3,3,Not at all,No,,Asked me if he can use shortcut,5,6,4,5,5,5,3,4,6,5,2,1,Button|Phone|Throttle|Foot Button|Watch|Voice,"Watch,Foot Button",Button|Foot Button|Throttle|Watch|Phone|Voice,"Throttle,Button",Watch|Button|Throttle|Foot Button|Phone|Voice,"Participants get dizziness, so I gave him ginger candy",3864,Song,Foot Button,FL_61|FL_18|FL_57|FL_37|FL_41|FL_53|FL_49|FL_29|FL_21|FL_16|FL_45|FL_25
2024-08-17 12:47:18,2024-08-19 08:29:31,IP Address,*******,100,157333,TRUE,2024-08-19 08:29:33,R_72QKr4os4FxlN2Q,*******,*******,*******,*******,*******,*******,anonymous,EN,Kyon,20240817,F_pylcVdHJS01ml3z,signature.png,7481,image/png,Yes,"Yes, with anonymization",Yes,F_3HTBcVeziH4Unrx,signature.png,12628,image/png,E-Bike,,A few times a year,A smartwatch,,Using a navigation app such as Google or Apple Maps,,About half the time,22,Woman,,They practiced a little,Yes,,Needed to restart the sim twice because she went wrong direction ,6,2,5,4,5,2,Not at all,No,,"Not like the back phone, she use her left hand to tap the button",5,3,6,4,5,5,third,second,Not at all,No,First song task!,,6,2,3,6,4,5,first,fourth,Not at all,No,"The foot button was unresponsive several times so we restarted the session. After I reset the esp32, the problem is solved",Her back was bended,6,5,5,6,5,5,first,second,Not at all,No,,,3,2,3,7,2,2,second,first,Not at all,No,,Didn’t change music while she go backwards ,3,3,3,6,3,3,fourth,first,Not at all,No,,,3,2,2,5,2,2,first,second,Not at all,No,,"Since her nail was really long it seems difficult for her
There were times when the pop up",5,2,5,5,5,4,Not at all,No,,Wear the watch on her left arm,6,2,7,3,6,6,Not at all,No,,"Her back was bend than usual
She used her left foot to click the button ",3,2,3,7,2,2,Not at all,No,,,4,2,2,7,2,2,Not at all,No,,Her Driving was so reckless,3,2,2,5,2,2,Not at all,No,,She had difficulty between short twist and long twist at first,4,2,3,5,3,2,2,5,6,3,4,1,Foot Button|Throttle|Watch|Voice|Button|Phone,Watch,Button|Phone|Throttle|Foot Button|Voice|Watch,Button,Foot Button|Button|Watch|Voice|Throttle|Phone,,5995,Song,Throttle,FL_18|FL_45|FL_61|FL_49|FL_53|FL_57|FL_21|FL_29|FL_16|FL_25|FL_37|FL_41
2024-08-19 08:29:35,2024-08-19 12:13:15,IP Address,*******,100,13419,TRUE,2024-08-19 12:13:16,R_6hbaXGErOommHQq,*******,*******,*******,*******,*******,*******,anonymous,EN,Kyon,20240819,F_1onGpBn5r37RtJJ,signature.png,9413,image/png,Yes,"Yes, without anonymization",Yes,F_3Jep7nqTrUNOZL9,signature.png,13258,image/png,,,Never,,,"Using a navigation app such as Google or Apple Maps,Controlling audio playback or track selection for music or podcasts",,About half the time,23,Non-Binary,,Not at all,No,,Left feet is in front,3,5,3,4,5,3,,,,"They used their left hand to use the phone
",5,6,4,5,5,3,third,fourth,Not at all,No,,"They bent their back to maintain their balance
Hit lots of object",4,6,4,4,5,5,first,third,Not at all,No,Foot Button didn’t work two times,They run into the bush and stucked so we restarted the session,4,6,4,4,5,5,fourth,second,Not at all,No,,,3,6,5,3,4,2,second,third,Not at all,No,,Tried to lean in the corner,2,3,3,6,3,1,fourth,first,Not at all,No,,He might be left handed,3,4,2,6,2,2,third,fourth,Not at all,No,,"At first they used both hand, but later they only used only left",6,6,7,4,7,5,Not at all,Yes,The white parts came out and the handle was more wobbly than we expected ,Put the watch on their right arm,5,7,7,2,7,7,Not at all,No,Restarted the sim once,,4,6,5,5,5,3,Not at all,No,,,4,4,5,6,5,4,,No,,,4,4,5,6,5,3,Not at all,No,,,3,5,6,6,5,2,3,5,6,4,2,1,Voice|Throttle|Foot Button|Watch|Button|Phone,Watch,Phone|Foot Button|Throttle|Button|Watch|Voice,"Throttle,Button",Throttle|Voice|Phone|Watch|Button|Foot Button,,8880,N Back,Throttle,FL_29|FL_45|FL_57|FL_41|FL_16|FL_53|FL_21|FL_25|FL_18|FL_37|FL_49|FL_61
2024-08-19 12:20:22,2024-08-19 14:38:54,IP Address,*******,100,8312,TRUE,2024-08-19 14:38:56,R_5hG1uXG6ZltteSW,*******,*******,*******,*******,*******,*******,anonymous,EN,Daniel,20240819,F_10V0f53Pwxm6kWy,signature.png,10749,image/png,Yes,"Yes, with anonymization",Yes,F_3eqmKQiIdEzEM1X,signature.png,10619,image/png,"E-Bike,E-Scooter",,A few times a year,A cell phone in a pocket or bag,,"Using a navigation app such as Google or Apple Maps,Controlling audio playback or track selection for music or podcasts",,About half the time,26,Woman,,Not at all,No,,Had to step off frequently for turns and got stuck sometimes ,3,6,4,3,5,4,Not at all,No,,,2,2,3,5,2,2,third,second,Not at all,No,,Began playing a little late,2,6,4,3,5,6,fourth,third,Not at all,No,,Pressed button much after or before turns,2,2,2,6,2,2,first,second,Not at all,No,,,4,3,2,3,2,2,fourth,first,Not at all,No,,,2,2,2,6,2,2,fourth,first,Not at all,No,,tried to go backward instead of forward many times,3,5,5,5,3,3,I was unable to navigate the playlist,I was unable to navigate the playlist,Not at all,No,,Kept right hand close to phone to keep pressing no. Drove way slower than the previous time,3,3,3,5,3,3,Not at all,Yes,"She missed a turn and I closed the application before the end so I restarted this trial, after that had to restart sim twice","Had significant trouble maintaining balance while inputting into device, struggled to do inputs mid turn
Missed turn",3,6,3,3,5,5,Not at all,No,,"Lost balance on turns, had a misinput while doing a turn and answer ",2,5,4,3,4,2,They practiced a little,No,,Fell off a little once and was slow to respond because was physic paying too much attention driving,4,5,6,4,3,3,Not at all,No,Restart sim once,She was standing slightly cross legged to maintain balance ,2,2,2,3,2,2,Not at all,No,,,3,3,3,5,2,2,2,3,6,5,4,1,Button|Watch|Voice|Foot Button|Throttle|Phone,Watch,Watch|Button|Foot Button|Voice|Throttle|Phone,"Voice,Phone,Button",Watch|Phone|Button|Voice|Foot Button|Throttle,,1676,N Back,Watch,FL_53|FL_18|FL_41|FL_61|FL_16|FL_57|FL_29|FL_37|FL_49|FL_25|FL_21|FL_45
2024-08-19 14:39:00,2024-08-19 16:07:55,IP Address,*******,100,5335,TRUE,2024-08-19 16:07:57,R_7fjulE1D21WIiOU,*******,*******,*******,*******,*******,*******,anonymous,EN,Daniel,20240819,F_vJ0ZMXVlEAzmP9n,signature.png,14990,image/png,Yes,"Yes, without anonymization",Yes,F_dpcXQr2sxG8ZiQp,signature.png,12301,image/png,"E-Bike,E-Scooter",,Several times a week,,,,,most of the time,23,Man,,They practiced a little,No,They took a wrong turn so we restarted it,Took a wrong turn on the first time,5,7,3,4,7,7,Not at all,No,Restart sim twice,,3,5,2,7,4,6,second,third,Not at all,No,,"Stepped off scooter to the next song, came to a break each time",4,6,3,7,4,6,fourth,first,They practiced a little,No,,A couple of button presses didn’t register ,5,7,3,5,7,6,second,third,Not at all,No,,,5,6,2,7,3,5,first,fourth,Not at all,No,Restart Sim once,"Wobbly at first
Looks left and right at turn",5,6,3,5,6,6,second,fourth,Not at all,No,Restart sim twice,,3,5,3,6,3,6,second,first,Not at all,No,Restart sim once,"Button didn’t register a few times, missed or was late",5,6,3,5,5,6,Not at all,No,,"Lost balance a lot and ran into walls, was one misinput with a lot of accidental time outs. Had to step down a lot. Released both arms to input something on watch, gave up late",4,6,7,4,6,7,Not at all,No,Button fell off twice and had to restart,Couple of times there was a misinput,5,6,3,5,6,6,They practiced a little,No,,,4,6,3,7,4,6,Not at all,No,Restart sim once ,,4,6,3,6,5,6,Not at all,No,,Tries to look side by side at intersections ,3,5,2,7,5,6,2,4,6,5,1,3,Voice|Foot Button|Button|Throttle|Phone|Watch,Watch,Watch|Foot Button|Throttle|Button|Phone|Voice,Throttle,Watch|Voice|Throttle|Foot Button|Button|Phone,,8001,Song,Throttle,FL_37|FL_25|FL_57|FL_49|FL_53|FL_18|FL_45|FL_61|FL_29|FL_16|FL_21|FL_41
2024-08-20 08:23:06,2024-08-20 09:40:15,IP Address,*******,100,4628,TRUE,2024-08-20 09:40:16,R_3s5NCvv19VFoMNG,*******,*******,*******,*******,*******,*******,anonymous,EN,Kyon,20240820,F_3OpmUOXuFC971Vq,signature.png,8141,image/png,Yes,"Yes, with anonymization",Yes,F_BxGpLehinoMagVj,signature.png,11103,image/png,E-Bike,,Never,Other,None of the above,Other,None of the above,Always,29,Non-Binary,,Not at all,Yes,,Rock from right to the left,2,4,2,1,7,2,Not at all,Yes,,"Asked them to be on the road but it seemed difficult for them to navigate the scooter on the road
",5,2,1,2,6,1,third,fourth,Not at all,No,,"Put the watch on their right arm, at first",7,6,2,4,5,4,fourth,first,They practiced a little,No,Didn’t work twice,,2,5,1,2,3,1,first,second,Not at all,Yes,,,2,2,2,4,2,2,first,fourth,Not at all,No,,Sneeze once and used their left arm for cover up their mouth ,2,2,2,6,2,2,second,third,Not at all,No,,"If participants try to maintain their ba,ance, they ",2,4,1,2,5,1,first,fourth,Not at all,No,Restarted the sim once,At first they tried to use their right hand but immediately after they changed their hands,5,5,4,4,6,6,Not at all,No,,Put their hand to the middle of the handle ,6,6,5,3,6,4,Not at all,No,,,5,5,3,3,5,2,Not at all,No,,,5,2,3,3,4,2,Not at all,,Needed to restart the esp32 once,They ride slowly ,3,3,4,5,5,1,Not at all,Yes,,,4,5,5,2,6,2,2,6,5,4,3,1,Voice|Foot Button|Watch|Throttle|Phone|Button,"Phone,Watch,Foot Button",Watch|Voice|Phone|Button|Throttle|Foot Button,Button,Foot Button|Button|Watch|Throttle|Voice|Phone,,6795,N Back,Watch,FL_25|FL_61|FL_16|FL_41|FL_29|FL_57|FL_37|FL_49|FL_53|FL_21|FL_18|FL_45
2024-08-20 11:42:51,2024-08-20 12:37:27,IP Address,*******,100,3275,TRUE,2024-08-20 12:37:29,R_1p1VXzBJ19FBzNv,*******,*******,*******,*******,*******,*******,anonymous,EN,Kyon,20240820,F_1OTQ29LNneglOiz,signature.png,8601,image/png,Yes,"Yes, without anonymization",Yes,F_1FzTiVdWxLlKLSv,signature.png,7652,image/png,"E-Bike,E-Scooter",,A few times a month,A cell phone in a pocket or bag,,Using a navigation app such as Google or Apple Maps,,Always,26,Man,,Not at all,Yes,,Put his feet to the ground several times,5,5,2,2,5,4,Not at all,No,,,3,3,3,2,4,2,I do not recall,I do not recall,Not at all,No,,,3,5,2,4,4,3,I do not recall,I do not recall,Not at all,No,The button didn’t work once,Hit the ,3,4,3,3,5,4,first,I do not recall,Not at all,No,,,2,2,2,5,2,2,third,fourth,Not at all,,,"When he crashed into the building, his body was trying to escape from the accident which means it’s immersive?",3,3,3,3,3,3,third,fourth,Not at all,No,,He seems like bit tired,2,3,2,5,4,2,first,fourth,Not at all,No,,He used his left tham,5,5,5,4,5,5,Not at all,No,,"He stopped to use the watch
His back was bent",6,6,6,3,6,7,Not at all,No,,"His back was bend
He kept lifting his toe",4,5,4,6,5,4,Not at all,No,,,2,2,2,7,2,2,Not at all,No,,,2,2,2,7,2,2,Not at all,No,,Speeding,2,4,2,7,3,3,1,5,6,3,4,2,Watch|Button|Throttle|Voice|Phone|Foot Button,Watch,Voice|Foot Button|Button|Watch|Throttle|Phone,Voice,Button|Watch|Throttle|Foot Button|Phone|Voice,,3890,Song,Voice,FL_49|FL_18|FL_45|FL_37|FL_25|FL_21|FL_16|FL_41|FL_53|FL_57|FL_61|FL_29
2024-08-20 18:53:23,2024-08-20 18:55:59,IP Address,*******,100,155,TRUE,2024-08-20 18:56:01,R_37eweNp63DVmrQp,*******,*******,*******,*******,*******,*******,anonymous,EN,Kyon,20240813,F_0UNPy4DgaqhRF0q,signature.png,7503,image/png,Yes,"Yes, with anonymization",Yes,F_ezdc9ky1SKcOD1s,signature.png,5719,image/png,"E-Bike,E-Scooter",,Almost every day,"A cell phone in a pocket or bag,Headphones with inline controls",,"Using a navigation app such as Google or Apple Maps,Controlling audio playback or track selection for music or podcasts,Communicating via text or messaging apps,Speaking on the phone",,About half the time,26,Man,,Not at all,No,,,7,2,3,2,2,5,They practiced a little,No,,,5,5,3,2,4,4,first,third,Not at all,No,Experienced internal server error,He tried to use his nose instead of his fing,6,5,3,3,3,2,third,second,Not at all,No,,He stands sideways,4,5,2,5,5,2,second,third,Not at all,No,,,3,4,2,4,4,4,first,fourth,Not at all,No,Needed to restart sim,Different foot position from other session,3,3,3,6,3,1,third,first,Not at all,No,Needed to restart esp32,"Interesting foot position
Lost count of the songs 2times",3,3,2,5,4,2,first,second,Not at all,No,,Had difficulty,4,4,3,2,6,7,Not at all,No,"Watch connected to the different wifi…
","Crashed into the park
",7,6,3,1,5,4,They practiced a little,No,Needed to restart once,He stand on one leg all the time,4,6,3,3,5,3,Not at all,No,,,5,4,4,3,4,4,Not at all,No,,,5,5,3,4,5,3,Not at all,No,,He chanced his foot position and face to the side way,3,2,3,6,2,1,4,5,6,3,2,1,Button|Watch|Voice|Throttle|Phone|Foot Button,Watch,Voice|Foot Button|Throttle|Button|Phone|Watch,Button,Foot Button|Voice|Phone|Watch|Button|Throttle,,7045,N Back,Button,FL_16|FL_53|FL_29|FL_41|FL_45|FL_49|FL_57|FL_37|FL_21|FL_61|FL_25|FL_18
2024-08-20 13:49:27,2024-08-21 05:59:01,IP Address,*******,100,58173,TRUE,2024-08-21 05:59:03,R_3dtKJF6NhwSEaml,*******,*******,*******,*******,*******,*******,anonymous,EN,Daniel,20240820,F_25zL2ERojtm3VvU,signature.png,12996,image/png,No,"Yes, without anonymization",Yes,F_xabWIdaBwOVVb1v,signature.png,9458,image/png,"E-Bike,E-Scooter",,A few times a month,"A smartwatch,Headphones with inline controls,Voice commands",,,,About half the time,57,Man,,Not at all,No,,Wobbly and fell off a couple of times,6,5,5,6,6,6,Not at all,No,,"Didn’t register the button a couple of times, didn’t input on the turn, only after the turn",6,6,6,6,5,4,second,third,Not at all,No,,accidentally got lost in the watch input and didn’t go through playlist ,6,7,6,3,5,2,I was unable to navigate the playlist,I was unable to navigate the playlist,Not at all,No,,"Pressed button before or after turn, accidentally long pressed a couple of times. Had difficulty maintaining balance ",5,6,5,4,3,3,first,third,Not at all,No,,,3,3,3,6,3,1,first,third,Not at all,No,Restart sim once,Maybe accidentally pressed the button?,6,5,4,5,4,3,third,first,Not at all,No,,Didn’t use the throttle far enough so it didn’t register twice,4,4,4,6,3,2,first,fourth,Not at all,No,,"Distracted when button fell off
Got used to the placement of no
Had three where it did not do any input when he pressed the button",3,3,3,5,4,2,They practiced a little,No,Restart,Wanted to restart after practicing. Had a couple of misinputs where he pressed but it didn’t register. Got off sometimes when inputting stuff. Got a lot of time outs,7,6,7,3,6,7,Not at all,No,,"Went slower this time, stayed on the right lane",4,3,3,6,3,2,Not at all,No,,Was still s Little wobbly but better ,6,5,5,6,5,3,Not at all,No,,,4,4,3,6,2,1,Not at all,No,,"Much more confident, was able to give input while losing balance",4,4,4,6,3,2,1,5,6,4,2,3,Button|Phone|Throttle|Watch|Voice|Foot Button,"Phone,Watch",Throttle|Phone|Button|Voice|Foot Button|Watch,Voice,Foot Button|Voice|Button|Phone|Throttle|Watch,,8867,N Back,Button,FL_53|FL_45|FL_61|FL_37|FL_41|FL_18|FL_29|FL_16|FL_25|FL_49|FL_21|FL_57
2024-08-21 05:59:09,2024-08-21 07:05:35,IP Address,*******,100,3985,TRUE,2024-08-21 07:05:36,R_6O00RxGL19rsG8D,*******,*******,*******,*******,*******,*******,anonymous,EN,Kyon,20240821,F_1Hq9iwaBp3RZe71,signature.png,8438,image/png,Yes,"Yes, without anonymization",Yes,F_RVu2pHD9RopPFWF,signature.png,7591,image/png,"E-Bike,E-Scooter",,A few times a year,"A cell phone mounted on the vehicle,A cell phone in a pocket or bag,Headphones with inline controls",,"Using a navigation app such as Google or Apple Maps,Controlling audio playback or track selection for music or podcasts,Communicating via text or messaging apps,Speaking on the phone",,most of the time,27,Woman,,Not at all,No,,"Her driving is great so far!
Looks like try to be on the right",4,5,4,4,5,4,Not at all,No,,"She used her right index finger to tap the next button, to go back she used her left after",5,5,4,4,4,5,fourth,first,Not at all,No,,The same with back task,6,5,4,4,6,4,third,first,Not at all,No,,"She tried hard to find her favorite and explore the playlist
She went wrong way and she said she didn’t know why she took a wrong turn. We did this session twice in total land want to decide whitc",6,6,4,3,5,4,first,second,Not at all,No,,Can track the track,5,4,4,4,5,4,fourth,third,Not at all,No,Needed to restart the sim,,4,4,4,4,3,3,third,second,,No,,"She changes her foot position. In this session, her left foot is in front",5,4,4,4,4,4,third,first,Not at all,No,,She use her right index finger to press no,4,6,4,4,5,4,Not at all,No,,She wear the watch on her left wrist,6,6,5,4,5,5,Not at all,No,,She used her right foot(front) to press the button,5,5,4,5,5,4,Not at all,No,,,5,4,4,5,4,4,Not at all,No,Insta360 had an SD card error so I restarted recording,,5,5,4,5,4,3,Not at all,No,,She looks confused when she use this for the first time,5,4,4,4,5,4,2,6,5,4,3,1,Watch|Voice|Throttle|Foot Button|Button|Phone,"Watch,Foot Button",Throttle|Foot Button|Phone|Button|Watch|Voice,Button,Throttle|Button|Voice|Watch|Foot Button|Phone,,837,N Back,Phone,FL_57|FL_16|FL_49|FL_45|FL_29|FL_25|FL_53|FL_41|FL_21|FL_61|FL_37|FL_18
2024-08-21 07:35:11,2024-08-21 13:02:26,IP Address,*******,100,19634,TRUE,2024-08-21 13:02:28,R_6qa6vi65sQWoC1u,*******,*******,*******,*******,*******,*******,anonymous,EN,Daniel,20240821,F_2xwQSiwV1Ix9poJ,signature.png,12699,image/png,Yes,"Yes, without anonymization",Yes,F_1EX79CsK8ojKbYu,signature.png,17025,image/png,"E-Bike,E-Scooter,Please list any others:",Regular bicycle,Almost every day,"A cell phone in a pocket or bag,Headphones with inline controls,Voice commands,Other",Camera glasses,"Using a navigation app such as Google or Apple Maps,Controlling audio playback or track selection for music or podcasts,Speaking on the phone",,most of the time,40,Man,,Not at all,No,,"Went at a reasonable speed, only fell off a couple times",4,4,1,6,5,5,Not at all,No,Restart once,Only pressed buttons after/before turns,1,3,3,7,2,2,third,second,Not at all,No,Restart once,Stopped each time to interface with the watch,2,5,5,4,4,4,second,third,Not at all,No,"Restart once, accidentally pressed a wrong one","Accidentally double pressed once, he quickly went back cause he immediately noticed ",1,4,4,3,4,4,fourth,third,Not at all,No,,,1,1,1,7,1,1,fourth,I do not recall,Not at all,No,Restart sim once,,1,1,1,7,1,1,third,first,Not at all,No,,Maybe went forwards on accident a couple of times,5,5,4,4,5,6,first,fourth,Not at all,No,,"Was much slower driving than before, very reasonable speed. One input didn’t go through. Lost balance on turns",5,5,6,5,4,5,Not at all,No,,"Unlike watch song, he did not stop to input. He kept his left hand on the handles and interfaced with right. He lost balance quite a few ,ore times than usual",2,4,7,6,5,5,Not at all,No,,"Button got stuck so he made it unstuck, he kept falling off and losing balance",6,7,7,2,6,7,Not at all,No,,,1,1,1,7,1,1,Not at all,No,,,2,2,3,7,2,2,Not at all,No,Restart sim once,,2,1,1,7,2,1,2,4,5,6,3,1,Throttle|Voice|Watch|Phone|Foot Button|Button,"Watch,Foot Button",Voice|Phone|Watch|Button|Foot Button|Throttle,Button,Foot Button|Voice|Throttle|Phone|Button|Watch,,8655,Song,Voice,FL_41|FL_49|FL_18|FL_57|FL_53|FL_21|FL_25|FL_45|FL_16|FL_37|FL_61|FL_29
2024-08-22 08:16:33,2024-08-22 09:53:08,IP Address,*******,100,5794,TRUE,2024-08-22 09:53:10,R_7pXNyrABkUqLzTb,*******,*******,*******,*******,*******,*******,anonymous,EN,Kyon,20240822,F_1dbhV13f6wTBjIJ,signature.png,11754,image/png,Yes,"Yes, with anonymization",Yes,F_3ffvxE1I73eQoN7,signature.png,10312,image/png,E-Bike,,A few times a month,A cell phone in a pocket or bag,,Using a navigation app such as Google or Apple Maps,,Always,24,Woman,,Not at all,Yes,,"At first, she speeded a lot, and she took a wrong turn so we restarted the session
In her second trails, she drives very slowly and it makes her body more stable",6,6,2,2,7,6,Not at all,No,,"She used her right index finger
She seemed to drive bit faster and try to be in the canter of the road",3,5,2,6,3,2,first,second,Not at all,No,,She wear the watch on her left hand an used her right hand to control it ,5,4,2,4,4,2,I do not recall,I do not recall,Not at all,No,,She used her right foot to press and her feet was in line ,2,3,2,7,3,2,fourth,second,Not at all,No,,,2,2,2,7,2,2,fourth,second,Not at all,No,,,2,2,2,6,2,2,fourth,first,Not at all,No,,Quick cange,2,2,2,7,2,2,second,fourth,Not at all,No,,"For the first time, she used hurt left finger but other than that she used her right index finger",4,4,4,6,4,2,Not at all,No,,,6,6,5,3,6,5,Not at all,No,,"She wears really thick heel and struggles with the button
The button fell off at the very final moment and couldn’t answer 3 questions",5,6,5,2,5,5,Not at all,No,,,2,2,2,7,2,2,Not at all,No,,She drove very slowly ,6,6,2,5,5,4,Not at all,No,,She drove very slowly ,3,3,1,6,2,1,2,4,5,6,3,1,Button|Voice|Throttle|Watch|Foot Button|Phone,"Watch,Foot Button",Button|Watch|Foot Button|Voice|Throttle|Phone,"Voice,Button",Phone|Throttle|Voice|Button|Foot Button|Watch,,5174,N Back,Voice,FL_57|FL_21|FL_61|FL_37|FL_45|FL_16|FL_41|FL_29|FL_49|FL_25|FL_18|FL_53
2024-08-22 10:38:43,2024-08-22 12:38:04,IP Address,*******,100,7160,TRUE,2024-08-22 12:38:05,R_3fHzuEiF3WHUT9J,*******,*******,*******,*******,*******,*******,anonymous,EN,Daniel,20240822,F_3FIE7i3IliUPyyE,signature.png,13740,image/png,Yes,"Yes, without anonymization",Yes,F_1i9xOtrtaccnUGf,signature.png,10037,image/png,"E-Bike,E-Scooter",,A few times a year,"A cell phone mounted on the vehicle,A cell phone in a pocket or bag",,"Using a navigation app such as Google or Apple Maps,Controlling audio playback or track selection for music or podcasts,Communicating via text or messaging apps,Speaking on the phone",,About half the time,28,Man,,Not at all,No,,Went at reasonable speed and kept balance,6,6,4,3,6,4,Not at all,No,,"I put before and after turns. Spotify index was wrong, said 3 was the end",5,6,4,4,5,3,fourth,first,Not at all,No,,Swapped watch to right hand,3,5,4,5,5,4,fourth,second,Not at all,No,Restart once,Looked quickly through songs,3,3,3,6,3,3,fourth,I do not recall,Not at all,No,,"Didn’t register, went the wrong way on the playlist (didn’t restart Spotify web after setting it up)",4,4,3,7,3,2,fourth,first,Not at all,No,,Explored playlist relatively quickly,2,2,2,6,2,2,first,fourth,Not at all,No,Restart once,"Had difficulty navigating at end, maybe did wrong input a couple times",4,6,5,3,5,4,I do not recall,I do not recall,Not at all,No,,Didn’t register some inputs. Used left hand to interact with phone. He accidentally pressed the menu button but quickly closed it halfway through ,5,6,6,3,5,6,Not at all,No,,"Took sometime to get used to it, accidentally timed out a couple of times, toward the end went slower to keep balance while inputting",6,7,7,4,6,4,Not at all,No,,Appeared to have good control of scooter while stepping on the foot button ,4,5,4,5,5,3,Not at all,No,,,4,4,4,6,3,2,Not at all,No,,Did the task relatively faster compared to others with this button pressing,4,5,4,6,4,2,Not at all,No,,Got a little out of balance while riding with throttle,6,6,5,3,6,5,3,5,6,2,4,1,Foot Button|Voice|Phone|Watch|Button|Throttle,"Phone,Watch,Throttle",Throttle|Watch|Voice|Foot Button|Button|Phone,"Foot Button,Button",Voice|Phone|Watch|Throttle|Button|Foot Button,,8559,Song,Throttle,FL_45|FL_29|FL_49|FL_61|FL_57|FL_53|FL_16|FL_25|FL_37|FL_18|FL_21|FL_41
2024-08-22 12:59:57,2024-08-23 10:59:15,IP Address,*******,100,79157,TRUE,2024-08-23 10:59:17,R_7QyOUB5XuPPyutH,*******,*******,*******,*******,*******,*******,anonymous,EN,Daniel ,20240822,F_1QFqEoJAHJLglFj,signature.png,12532,image/png,Yes,"Yes, with anonymization",Yes,F_1rcg40a0wjbnDHd,signature.png,8480,image/png,E-Scooter,,A few times a year,,,"Using a navigation app such as Google or Apple Maps,Controlling audio playback or track selection for music or podcasts,Speaking on the phone",,most of the time,27,Woman,,Not at all,No,,"Was a Little wobbly, took wrong turn once",6,6,6,2,7,7,Not at all,No,,First I put didn’t register a couple of times,6,6,6,2,7,6,fourth,first,Not at all,No,,Didn’t feel too comfortable switching songs. Bobbed head to music,6,6,6,2,6,6,second,fourth,Not at all,No,Restart once,Went through songs fast. She had to adjust her feet/driving ,6,7,6,2,7,6,first,second,Not at all,No,,,5,4,4,3,5,5,fourth,second,Not at all,No,,Only selected new songs before or after turns,6,6,6,3,6,6,second,fourth,Not at all,No,,Was a Little Slow to start with the song ,7,7,7,2,7,7,I do not recall,I do not recall,Not at all,No,Restart once,Didn’t register a couple of presses ,6,7,6,3,6,6,Not at all,No,,"Kept watch on right hand, was a little slow along the turns and driving overall but maintained balance well and inputs as well",7,7,7,2,7,7,Not at all,No,Restart once,Held one foot on top of the other (looks a little dangerous for balance) but did the task well,5,5,5,2,6,6,Not at all,No,,,5,5,5,5,5,4,Not at all,No,,Much faster with this than the others and was able to maintain balance well,4,4,4,4,5,4,Not at all,No,Had to restart microcontroller /sim twice,Immediately better than the first time,7,7,7,2,7,7,1,6,5,2,4,3,Watch|Phone|Throttle|Voice|Button|Foot Button,"Phone,Watch,Throttle",Button|Phone|Throttle|Foot Button|Voice|Watch,Voice,Throttle|Phone|Foot Button|Button|Watch|Voice,,2297,N Back,Foot button,FL_61|FL_45|FL_41|FL_16|FL_53|FL_37|FL_21|FL_25|FL_29|FL_57|FL_18|FL_49
2024-08-23 11:05:54,2024-08-23 12:57:17,IP Address,*******,100,6682,TRUE,2024-08-23 12:57:18,R_7OUvrfUo4gfxvf8,*******,*******,*******,*******,*******,*******,anonymous,EN,Daniel,20240823,F_33amrJXy48Ng2hm,signature.png,18429,image/png,Yes,"Yes, with anonymization",Yes,F_XL1B6Oit6P20yOJ,signature.png,11760,image/png,E-Bike,,Almost every day,"A cell phone in a pocket or bag,A smartwatch",,"Using a navigation app such as Google or Apple Maps,Controlling audio playback or track selection for music or podcasts,Communicating via text or messaging apps,Speaking on the phone",,most of the time,23,Man,,Not at all,No,,Was fairly wobbly,7,6,3,4,7,2,They practiced a little,No,Restart sim once,Explored the playlist very fast back and forth,7,7,6,6,7,5,I do not recall,I do not recall,They practiced a little,No,,Started music and maybe double tapped next song a couple of times ,7,7,7,1,7,7,second,fourth,Not at all,No,,Button didn’t register press once. Had difficulty maintaining balance,7,7,7,1,7,7,second,fourth,Not at all,No,,,3,1,2,7,1,1,third,first,Not at all,No,Restart sim once,He bobbed his head to the music,2,2,3,7,1,1,first,second,Not at all,No,,,1,1,1,7,1,1,second,third,Not at all,No,,The input didn’t always register and he made a few mistakes. Had finger over no in later half,7,7,6,1,7,7,Not at all,No,,Missed a couple of inputs cause his input didn’t register. Had difficulty inputting on turns,7,7,7,1,7,7,Not at all,No,,"Accidentally long pressed a couple of times trying to keep balance, struggled to do input on turns",7,7,7,1,7,7,Not at all,No,,,2,1,1,7,1,1,They practiced a little,No,Restart sim once,Was more reasonable with driving 2nd time around. Pressed button twice on accident once,5,5,3,7,2,1,Not at all,No,Restart sim once ,Lost balance and couldn’t input one time,7,7,6,5,2,2,1,5,4,6,3,2,Watch|Button|Phone|Throttle|Foot Button|Voice,"Phone,Watch,Foot Button",Phone|Voice|Foot Button|Watch|Throttle|Button,"Voice,Button",Phone|Button|Voice|Throttle|Foot Button|Watch,,61,N Back,Voice,FL_57|FL_16|FL_21|FL_49|FL_61|FL_45|FL_29|FL_18|FL_37|FL_25|FL_41|FL_53
2024-08-26 09:16:50,2024-08-26 11:28:18,IP Address,*******,100,7887,TRUE,2024-08-26 11:28:20,R_7gnkVWVrRmRVdXx,*******,*******,*******,*******,*******,*******,anonymous,EN,Kyon,20240826,F_3gXyctJVc0UtNbJ,signature.png,10180,image/png,Yes,"Yes, without anonymization",Yes,F_2qq3btjT2SVy7pR,signature.png,6330,image/png,"E-Bike,E-Scooter",,A few times a year,"A cell phone in a pocket or bag,A smartwatch,Headphones with inline controls",,"Using a navigation app such as Google or Apple Maps,Controlling audio playback or track selection for music or podcasts,Communicating via text or messaging apps",,Rarely,27,Man,,Not at all,No,,,3,5,1,6,3,3,Not at all,No,,He used the his left index finger to tap all the button,3,4,1,7,3,1,fourth,second,Not at all,No,,"Whenever he uses watch, he slow down a lot
He didn’t step down, but I feel like it’s ok to count as stop",6,5,1,7,2,1,fourth,third,Not at all,No,,Hit the cone and,3,5,1,6,4,3,first,second,Not at all,No,,He had difficulty to ,2,5,1,6,5,1,first,second,Not at all,No,,His driving was so stable conc,2,1,1,7,1,1,fourth,first,Not at all,No,,,3,4,1,7,2,1,first,fourth,Not at all,No,,"Started using his right thumb instead of right index
He struggled with unresponsive displays ",6,4,6,5,4,6,Not at all,No,,"He suffered a lot from unresponsive display
He wear the watch on his left wrist",7,7,7,4,6,7,Not at all,No,,He kept his foot in the air,6,5,7,1,6,5,Not at all,No,Restart ed the session because of physics engine problems ,,4,2,4,7,1,1,Not at all,No,,,5,1,3,6,2,2,Not at all,No,,,5,6,6,7,6,2,2,5,6,3,4,1,Foot Button|Watch|Phone|Button|Throttle|Voice,Watch,Button|Throttle|Watch|Voice|Foot Button|Phone,"Voice,Foot Button,Button",Phone|Voice|Foot Button|Throttle|Button|Watch,"He has difficulty to speak, so in the interview, he answered the question with text(we recorded our interview as we do with other people)",6333,Song,Throttle,FL_49|FL_16|FL_25|FL_29|FL_37|FL_61|FL_21|FL_57|FL_45|FL_18|FL_53|FL_41
2024-08-27 10:20:04,2024-08-27 11:45:01,IP Address,*******,100,5097,TRUE,2024-08-27 11:45:03,R_31p1vr1vqhDBVKN,*******,*******,*******,*******,*******,*******,anonymous,EN,Kyon,20240827,F_cOY1Ljqqxu7Wglr,signature.png,7862,image/png,Yes,"Yes, without anonymization",Yes,F_2yqJ272QbuvTyKy,signature.png,17906,image/png,"E-Bike,E-Scooter,E-Skateboard",,A few times a month,"A cell phone mounted on the vehicle,A cell phone in a pocket or bag,A smartwatch,Headphones with inline controls",,"Using a navigation app such as Google or Apple Maps,Controlling audio playback or track selection for music or podcasts,Speaking on the phone",,Rarely,25,Man,,Not at all,No,,,1,1,1,7,1,1,Not at all,No,,He used his left thum click the ,1,1,1,6,1,2,second,third,Not at all,No,,He wear the watch on his left wrist ,2,2,1,7,2,2,second,fourth,Not at all,No,Needs to restart the sim,,1,2,1,7,1,1,fourth,second,Not at all,No,,,1,1,1,7,1,1,first,third,Not at all,No,,He uses the hand brake very well!!!,1,1,1,7,1,1,fourth,first,Not at all,No,,He didn’t track the count ,1,1,1,6,1,2,second,third,Not at all,No,,His l,1,2,1,6,2,2,Not at all,No,,"His driving was unstable compared to other ride
",2,2,2,6,2,2,Not at all,No,,He used his front left leg,1,2,1,7,2,1,Not at all,No,,,1,1,1,7,1,1,Not at all,No,,,1,1,1,7,1,1,Not at all,No,,Failed once because it was too short,2,1,1,6,1,1,3,5,6,2,4,1,Throttle|Watch|Foot Button|Voice|Phone|Button,Watch,Foot Button|Watch|Throttle|Button|Phone|Voice,"Foot Button,Button",Foot Button|Phone|Voice|Throttle|Button|Watch,He has a experience of riding estate board,5863,Song,Button,FL_61|FL_29|FL_16|FL_53|FL_18|FL_41|FL_21|FL_57|FL_45|FL_49|FL_25|FL_37
2024-08-27 11:45:07,2024-08-28 16:17:52,IP Address,*******,100,102764,TRUE,2024-08-28 16:17:54,R_3UzgWBVnWYFWYdX,*******,*******,*******,*******,*******,*******,anonymous,EN,Kyon,20240828,F_6kTjX8lln8kaHE5,signature.png,8552,image/png,Yes,"Yes, with anonymization",Yes,F_u99YDzOxNRJrr0d,signature.png,6201,image/png,,,,"A cell phone mounted on the vehicle,A smartwatch,Voice commands",,"Using a navigation app such as Google or Apple Maps,Controlling audio playback or track selection for music or podcasts,Communicating via text or messaging apps,Speaking on the phone",,Rarely,28,Man,,Not at all,Yes,,,4,1,3,4,6,1,Not at all,No,,"Much better than back phone task
Left thum",1,3,2,7,1,1,second,fourth,Not at all,No,,,6,5,4,2,4,2,third,fourth,Not at all,No,"Foot button didn’t work in first trails, so we restarted esp32",,4,5,1,5,3,1,second,first,Not at all,No,,Forgot the previous command,1,1,1,7,1,1,third,first,Not at all,No,,He started to take shortcuts ,2,1,1,7,1,1,first,fourth,Not at all,No,,,1,1,1,7,1,1,fourth,second,Not at all,No,,"He uses his right thum
Struggled several times with ",6,4,5,4,5,1,Not at all,No,,,5,3,7,3,3,2,Not at all,No,"The potentiometer was not allied and participant""s hit the building very hard and escooter was broken?",,4,2,3,5,3,3,Not at all,No,,,5,1,1,1,1,1,Not at all,No,,,1,1,1,7,1,1,Not at all,No,,,1,4,1,7,1,1,2,6,5,4,3,1,Phone|Throttle|Foot Button|Button|Watch|Voice,"Phone,Watch,Foot Button",Phone|Throttle|Button|Watch|Foot Button|Voice,"Voice,Button",Button|Foot Button|Watch|Throttle|Voice|Phone,,2579,N Back,Voice,FL_18|FL_21|FL_57|FL_37|FL_29|FL_25|FL_49|FL_16|FL_41|FL_61|FL_45|FL_53
2024-08-28 16:18:17,2024-08-30 10:25:05,IP Address,*******,100,151608,TRUE,2024-08-30 10:25:07,R_6dudj29i3suD37K,*******,*******,*******,*******,*******,*******,anonymous,EN,Kyon,20240829,F_2t25SnR9TPr0dZ7,signature.png,8702,image/png,Yes,"Yes, without anonymization",Yes,F_r8OHfgsjKfG7dIJ,signature.png,6864,image/png,"E-Bike,E-Scooter",,A few times a month,A cell phone mounted on the vehicle,,"Using a navigation app such as Google or Apple Maps,Controlling audio playback or track selection for music or podcasts,Communicating via text or messaging apps,Speaking on the phone",,About half the time,33,Woman,,Not at all,Yes,,,6,4,3,2,4,2,Not at all,No,,,4,4,4,5,4,3,third,fourth,Not at all,No,,Competed only 2,7,5,4,2,4,6,first,second,Not at all,No,It didn’t work twice,,4,4,4,4,5,5,first,third,Not at all,No,,,4,4,3,4,3,3,second,first,Not at all,No,The camera turned off automatically so Iturned it on a,She tried to do the different foot position ,5,4,4,2,4,2,second,I do not recall,Not at all,No,,,5,4,4,4,4,4,second,I do not recall,Not at all,No,,She switched from right to left,5,5,4,3,5,6,They needed significant time getting comfortable with the prototype,No,,She wear it on her left hand,5,4,3,3,4,5,Not at all,No,,Crushed at the,5,4,4,4,4,5,Not at all,No,,,4,4,3,5,4,2,Not at all,No,,,4,4,3,4,4,4,Not at all,No,,Left lane,4,4,3,3,4,5,2,5,6,4,3,1,Phone|Button|Foot Button|Watch|Throttle|Voice,Watch,Voice|Foot Button|Throttle|Phone|Button|Watch,Button,Button|Foot Button|Throttle|Watch|Phone|Voice,,7895,N Back,Voice,FL_37|FL_21|FL_57|FL_61|FL_45|FL_29|FL_18|FL_16|FL_41|FL_25|FL_49|FL_53
2024-08-30 10:25:13,2024-08-30 12:12:10,IP Address,*******,100,6416,TRUE,2024-08-30 12:12:12,R_3QhsgRqdFY6HLR3,*******,*******,*******,*******,*******,*******,anonymous,EN,Kyon,20280830,F_2U6nMyoULIapnGb,signature.png,10288,image/png,Yes,"Yes, with anonymization",Yes,F_SKaW0R9BTiXMcdb,signature.png,11560,image/png,E-Bike,,A few times a year,"A cell phone in a pocket or bag,A smartwatch",,"Using a navigation app such as Google or Apple Maps,Communicating via text or messaging apps,Speaking on the phone",,Rarely,27,Woman,,Not at all,Yes,,,5,5,2,4,5,3,Not at all,No,,,3,5,1,5,3,3,first,third,Not at all,No,,,4,5,2,5,5,2,fourth,second,Not at all,No,,,5,6,6,4,5,5,first,third,Not at all,No,,,1,1,1,6,1,2,first,fourth,Not at all,No,,,2,1,1,7,2,1,third,first,Not at all,No,,,6,5,5,2,5,5,first,third,Not at all,No,,"Had significant difficulty to use phone
We restarted the session",6,7,5,3,6,6,Not at all,No,,Right wist and left index,6,6,5,3,5,5,Not at all,No,,She uses front left leg to click the button,4,5,2,5,5,4,Not at all,No,,,2,1,2,6,2,2,Not at all,No,,She almost misses when she passed the cones,3,2,1,7,2,2,Not at all,No,,Had difficulty to twist it all the way to the end,3,5,5,5,4,3,2,3,4,6,5,1,Voice|Phone|Throttle|Button|Watch|Foot Button,"Watch,Foot Button,Throttle",Foot Button|Voice|Watch|Button|Phone|Throttle,"Voice,Button",Watch|Voice|Button|Throttle|Phone|Foot Button,,9631,Song,Phone,FL_25|FL_57|FL_49|FL_29|FL_61|FL_41|FL_53|FL_18|FL_45|FL_21|FL_37|FL_16
2024-08-30 12:50:40,2024-08-30 14:12:53,IP Address,*******,98,4932,FALSE,2024-09-01 09:26:46,R_7OUuii2MmpoxjPj,*******,*******,*******,*******,*******,*******,anonymous,EN,Daniel,20240830,F_3CQ7flqAq04QT6a,signature.png,15978,image/png,Yes,"Yes, without anonymization",Yes,F_1F4IDXOPRUmyLF2,signature.png,12040,image/png,,,Never,A cell phone in a pocket or bag,,"Using a navigation app such as Google or Apple Maps,Controlling audio playback or track selection for music or podcasts,Communicating via text or messaging apps,Speaking on the phone",,Rarely,33,Woman,,Not at all,No,,"Kept foot on ground a little to help with balance, but overall maintained on scooter well",5,5,2,7,6,5,Not at all,No,,,3,5,3,5,5,5,third,second,Not at all,No,Restart sim once ,Was slow to go through playlist and lost a little balance. Later she slowed to input a button,5,7,6,5,6,5,fourth,third,Not at all,No,,Maybe she lost a little bit of balance while inputting the foot button. Button didn’t press at the end for next song,2,4,3,4,4,3,first,second,Not at all,No,,Said ok before next song ,3,2,2,6,2,2,I do not recall,I do not recall,Not at all,No,,,4,2,2,6,4,2,fourth,I do not recall,Not at all,No,Restart sim once,,2,2,2,6,4,2,fourth,second,Not at all,No,,"Button didn’t input a couple of times when she was pressing in the screen, she was also too slow a couple of times, especially on turns",5,6,6,5,7,5,Not at all,No,,Keeps left hand on handle bar and uses right to interface. On a turn she gave up on doing an input. She preferred maintaining balance over getting the input ,5,7,7,3,7,6,Not at all,No,,Maintained balance well while inputting foot button,3,5,5,5,4,4,Not at all,No,,,4,4,3,5,4,3,Not at all,No,,,3,2,2,5,2,2,Not at all,No,,Crashed once and was slow to respond when she crashed,6,5,7,5,6,6,3,5,6,4,2,1,Foot Button|Throttle|Phone|Button|Voice|Watch,"Phone,Watch",Foot Button|Phone|Voice|Watch|Button|Throttle,"Throttle,Button",Foot Button|Button|Watch|Phone|Voice|Throttle,,1528,Song,Throttle,FL_61|FL_21|FL_18|FL_45|FL_37|FL_16|FL_57|FL_53|FL_49|FL_29|FL_25|FL_41
